Title,URL,Deck,PubDate,icon,Latitude,Longitude
"At the Curb, Wheels for Free Expression",/visual-art/story/curb-wheels-free-expression/,"Grant Gordon's Toyota is a mobile, erasable chalkboard where passers-by can leave their thoughts",12/30/2010,wht_pushpin,37.7626214,-122.4351661
SFO Pilot Captures Nation's Attention with Security Videos,/blogs/pulse-of-the-bay/sfo-pilot-captures-attention-security/,,12/29/2010,wht_pushpin,37.615223,-122.389979
"No Bikes, But Segways May Cruise on Park Paths",/parks/story/no-bikes-segways-cruise-park-paths/,A plan to allow guided Segway tours on bike-free paths in Golden Gate Park has rankled residents,12/28/2010,wht_pushpin,37.76904,-122.4835193
"No Bikes, But Segways May Cruise on Park Paths",/parks/story/no-bikes-segways-cruise-park-paths/,A plan to allow guided Segway tours on bike-free paths in Golden Gate Park has rankled residents,12/28/2010,wht_pushpin,37.76904,-122.4835193
New Year's Eve Transit Details,/blogs/pulse-of-the-bay/tipsy-tow-and-other-nye-transit-deets/,,12/28/2010,wht_pushpin,37.7749295,-122.4194155
Trial Set for Bay Bridge Bomb Threat Suspect,/blogs/pulse-of-the-bay/trial-set-bay-bridge-standoff-suspect/,,12/23/2010,wht_pushpin,37.8113707,-122.3630019
Sharing Wheels around the City,/transportation/story/sharing-wheels-city/,A bike sharing program will hit the road in 2012; see a demo,12/21/2010,wht_pushpin,37.7749295,-122.4194155
Pay-as-You Drive Insurance Could Cut Driving,/transportation/story/pay-you-drive-insurance-could-cut/,The state approves a program that rewards infrequent drivers with low rates,12/20/2010,wht_pushpin,37.7749295,-122.4194155
Will BART Finally Run Late Night? ,/blogs/pulse-of-the-bay/will-bart-finally-run-late-night/,,12/17/2010,wht_pushpin,37.8043637,-122.2711137
SFMTA Installs 100th New Transit Shelter,/transportation/story/sfmta-installs-100th-new-transit-shelter/,"The ""smart"" shelters feature recycled steel and LED lighting, though 99 still await solar panels",12/16/2010,wht_pushpin,37.7749295,-122.4194155
SF Border War With San Mateo Called Off ,/blogs/pulse-of-the-bay/sf-border-war-san-mateo-called/,,12/15/2010,wht_pushpin,37.5629917,-122.3255254
"For AC Transit Riders, Bus Service Still a Civil Rights Issue",/transportation/story/ac-transit-riders-bus-service-still/,"In Oakland, western Alameda and Contra Costa counties, bus routes dropped by 15 percent",12/14/2010,wht_pushpin,37.8043722,-122.2708026
Muni Promises 'No Passenger Dumping' ,/blogs/pulse-of-the-bay/muni-promises-no-passenger-dumping/,,12/13/2010,wht_pushpin,37.7749295,-122.4194155
Transit Board Nominee Could Face Uphill Battle for Confirmation ,/transportation/story/new-sfmta-board-nominee-could-face/,"Mayor Newsom's pick has expertise in finance, but not transportation",12/06/2010,wht_pushpin,37.7749295,-122.4194155
Engineers Sue to Stop Doyle Drive Reconstruction ,/blogs/pulse-of-the-bay/engineers-sue-stop-doyle-drive/,,12/01/2010,wht_pushpin,37.7749295,-122.4194155
Ex-Cop Charged in Taxi-School Scheme,/crime/story/retired-sf-cop-arrested-bribery/,"Officer, school owner allegedly took bribes from students in exchange for passing grades",12/01/2010,wht_pushpin,37.775252,-122.403768
High-Speed Rail Authority Chair Blasted Engineers,/transportation/story/high-speed-rail-authority-chair-blasted/,E-mails from Curt Pringle reveal lack of faith in those designing a segment of the $43 billion project,12/01/2010,wht_pushpin,33.8352932,-117.9145036
Chinatown Not Very Pedestrian Friendly,/transportation/story/chinatown-group-analyzes-pedestrian-plan/,Neighborhood group finds unsafe conditions despite heavy foot traffic,11/30/2010,wht_pushpin,37.7749295,-122.4194155
Stimulating Road Projects Completed,/blogs/pulse-of-the-bay/stimulating-road-projects-completed/,,11/29/2010,wht_pushpin,37.7749295,-122.4194155
Airport Scanner Protest Fizzles,/blogs/pulse-of-the-bay/airport-scanner-protest-fizzles/,,11/24/2010,wht_pushpin,37.3393857,-121.8949555
AC Transit Still Faces $13 Million Deficit ,/transportation/story/ac-transit-still-faces-13-million/,"Drastic cuts to routes and weekend service were averted, but more service cuts could be on the horizon",11/24/2010,wht_pushpin,37.8043722,-122.2708026
Body Scanners: What's The Fuss All About?,/blogs/pulse-of-the-bay/body-scanners-whats-fuss-all-about/,,11/23/2010,wht_pushpin,37.7749295,-122.4194155
Traffic Jams and Turkey for Thanksgiving,/blogs/pulse-of-the-bay/traffic-jams-and-turkey-thanksgiving/,,11/23/2010,wht_pushpin,37.7749295,-122.4194155
Airport Scanner Protest Could Zap Holiday Travel,/blogs/pulse-of-the-bay/airport-scanner-protest-could-zap/,,11/22/2010,wht_pushpin,37.8043722,-122.2708026
San Francisco Finds Money for Subway,/blogs/pulse-of-the-bay/san-francisco-finds-money-subway/,,11/22/2010,wht_pushpin,37.7749295,-122.4194155
"SF, Oakland Airports to be Jammed Next Week",/blogs/pulse-of-the-bay/local-airports-be-jammed-next-week/,,11/19/2010,wht_pushpin,37.615223,-122.389979
Toll to Drive into San Francisco?,/blogs/pulse-of-the-bay/toll-drive-san-francisco/,,11/18/2010,wht_pushpin,37.7749295,-122.4194155
UCSF Shuttle Driver Kills Pedestrian in Crosswalk,/transportation/story/ucsf-shuttle-driver-kills-pedestrian/,Surveillance video of the accident taken as evidence by the police,11/18/2010,wht_pushpin,37.7749295,-122.4194155
Cleaner Cars=Less Smog,/blogs/pulse-of-the-bay/cleaner-carsless-smog/,,11/17/2010,wht_pushpin,37.8043722,-122.2708026
Fruitvale BART Closed for Protest,/blogs/pulse-of-the-bay/fruitvale-bart-closed-protest/,,11/11/2010,wht_pushpin,37.7797222,-122.2202778
BART Rejected for Federal Airport Connector Loan,/transportation/story/bart-rejected-federal-airport-connector/,Feds nix BART request for a $105 million loan for the $484 million project,11/11/2010,wht_pushpin,37.8043722,-122.2708026
A Second Bay Bridge?,/transportation/story/second-bay-bridge/,Transit officials will study plan to add a new bay crossing,11/10/2010,wht_pushpin,37.7652065,-122.2416355
New Bridge Across the Bay? ,/blogs/pulse-of-the-bay/new-bridge-across-bay/,,11/09/2010,wht_pushpin,37.7749295,-122.4194155
How To Scam BART with Clipper ,/transportation/story/how-scam-bart-clipper/,"The new Clipper card goes to a ""negative"" balance with no way to make riders pay",11/09/2010,wht_pushpin,37.7749295,-122.4194155
Clipper Cards Raise Privacy Concerns,/blogs/pulse-of-the-bay/clipper-cards-lead-privacy-concerns/,,11/08/2010,wht_pushpin,37.7749295,-122.4194155
Muni Answers the Question: Why All the Delays?,/blogs/pulse-of-the-bay/muni-answers-question-why-all-delays/,,11/08/2010,wht_pushpin,37.7749295,-122.4194155
SFMTA to Issue More Parking Tickets,/blogs/pulse-of-the-bay/sfmta-issue-more-parking-tickets/,,11/05/2010,wht_pushpin,37.7749295,-122.4194155
SFMTA Predicts Better Muni Metro Service ,/transportation/story/sfmta-predicts-better-muni-metro/,"Torn signal cables and other problems causing delays will soon be resolved, says transit director",11/04/2010,wht_pushpin,37.7749295,-122.4194155
SFMTA Releases Bus Stop Consolidation Plan,/transportation/story/sfmta-releases-bus-stop-consolidation/,The agency calls for the removal of 109 stops along five routes,11/04/2010,wht_pushpin,37.7749295,-122.4194155
"Republican Prevails, Upstart Pulls an Upset in BART Races",/elections-2010/story/fang-prevails-raburn-pulls-upset-bart/,Election a referendum on 'gold-plated' Oakland Airport connector? ,11/03/2010,wht_pushpin,37.7749295,-122.4194155
Masses Watch the Giants at Civic Center,/blogs/pulse-of-the-bay/bart-run-longer-trains-giants-fans/,,11/01/2010,wht_pushpin,37.8113707,-122.3630019
Greasing the Wheels of Bike Share Program,/bikes/story/greasing-wheels-bike-share-program/,"$4 million will expand the new program to 1,000 bikes at 100 kiosk stations",10/29/2010,wht_pushpin,37.7749295,-122.4194155
Greasing the Wheels of Bike Share Program,/bikes/story/greasing-wheels-bike-share-program/,"$4 million will expand the new program to 1,000 bikes at 100 kiosk stations",10/29/2010,wht_pushpin,37.7749295,-122.4194155
Bomb Squad Shuts Part of SF's Market Street ,/blogs/pulse-of-the-bay/section-sfs-market-street-closed-bomb/,,10/29/2010,wht_pushpin,37.7749295,-122.4194155
New Grant Will Fund Nation's Largest Urban Trail System,/outdoors/story/new-grant-fund-nations-largest-urban/,East Bay Regional Park District wins $10.2 million in federal money,10/21/2010,wht_pushpin,37.7021521,-121.9357918
"For Local Koreans, High-Speed Rail Means Jobs, Convenience",/blogs/pulse-of-the-bay/bay-area-koreans-support-high-speed-rail/,,10/19/2010,wht_pushpin,37.7749295,-122.4194155
Geithner: High-Speed Rail a 'Good Investment',/blogs/pulse-of-the-bay/geithner-high-speed-rail-good-investment/,,10/18/2010,wht_pushpin,37.4242952,-122.104183
How to Spend $1 Million in 12 Minutes,/blogs/pulse-of-the-bay/how-spend-1-million-12-minutes/,,10/18/2010,wht_pushpin,37.7749295,-122.4194155
Bus Drivers Take Appeal To Riders,/elections-2010/story/bus-drivers-take-appeal-riders/,Campaigning against pay-cut measure is tough job,10/16/2010,wht_pushpin,37.7749295,-122.4194155
New Car-Share Law Spurs Bay Area Business,/transportation/story/new-car-share-law-spurs-bay/,"In 2011, car owners will be able to share their vehicles directly with other drivers and make a few bucks",10/15/2010,wht_pushpin,37.8043722,-122.2708026
Repairs Keep San Mateo Bridge Lane Closed,/blogs/pulse-of-the-bay/repairs-keep-san-mateo-bridge-lane/,,10/14/2010,wht_pushpin,37.5629917,-122.3255254
"Fares Up, Service Down on Caltrain",/transportation/story/fares-service-down-caltrain/,"Day passes and zoned fares will increase, as will monthly and discount passes",10/08/2010,wht_pushpin,37.3393857,-121.8949555
$5 Million from the Feds Won't Stop AC Transit Cuts,/blogs/pulse-of-the-bay/5-million-feds-wont-stop-ac-transit-cuts/,,10/07/2010,wht_pushpin,37.8043722,-122.2708026
Fed Funds to Bolster Bay Area Transit,/transportation/story/fed-funds-bolster-bay-area-transit/,"Eight local transit agencies will get millions to improve service, bus shelters and reduce crowding",10/04/2010,wht_pushpin,37.8043722,-122.2708026
NUMMI's New Phase Starts Friday,/transportation/story/nummis-new-phase-starts-friday/,Tesla Motors to begin operations in former General Motors plant,09/30/2010,wht_pushpin,37.488266,-121.942262
San Francisco's Last Elected Republican Faces Test,/elections-2010/story/last-elected-republican-faces-test/,"James Fang, a BART board member for 20 years, has a strong challenger this year",09/25/2010,wht_pushpin,37.7749295,-122.4194155
AC Transit Slashes Service,/blogs/pulse-of-the-bay/ac-transit-slashes-service/,,09/23/2010,wht_pushpin,37.8043722,-122.2708026
San Jose Roads Rated Nation's Worst,/transportation/story/san-jose-roads-rated-nations-worst/,"Nearly two-thirds of city's roads are battered, causing costly car damage",09/22/2010,wht_pushpin,37.3393857,-121.8949555
Menlo Park Joins High-Speed Rail Suit,/blogs/pulse-of-the-bay/menlo-park-joins-high-speed-rail-suit/,,09/22/2010,wht_pushpin,37.4538274,-122.1821871
SFMTA Board Parses Hierarchy of Wheels,/transportation/story/sfmta-board-debates-mode-shift-goal/,"Bicycling, walking and public transit are the goal, but the reality is cars still rule the streets",09/22/2010,wht_pushpin,37.7749295,-122.4194155
Muni Approval Drops,/transportation/story/muni-approval-drops/,Only 52 percent rate San Francisco transit service as excellent or good,09/21/2010,wht_pushpin,37.7749295,-122.4194155
BART Board Upstarts Want Culture Change,/transportation/story/bart-board-challengers-hope-change/,"In SF, the anti-incumbancy narrative isn't about Tea Partiers but transit and bicycle advocates ",09/20/2010,wht_pushpin,37.7749295,-122.4194155
BART Board Commits to Airport Connector ,/transportation/story/bart-board-reaffirms-commitment-build/,"Another vote by board directors cements their vow to proceed, despite shaky funding",09/17/2010,wht_pushpin,37.8043722,-122.2708026
"Now, Gas Pipe Breaks Near Lake Merritt",/blogs/pulse-of-the-bay/gas-pipe-break-shuts-streets-oakland/,,09/16/2010,wht_pushpin,37.8043722,-122.2708026
Oakland a Pedal Happy Place,/blogs/pulse-of-the-bay/oakland-pedal-happy-place/,,09/16/2010,wht_pushpin,37.8043722,-122.2708026
Oakland a Pedal Happy Place,/blogs/pulse-of-the-bay/oakland-pedal-happy-place/,,09/16/2010,wht_pushpin,37.8043722,-122.2708026
"Regulators: Bad Air Kills 9,200 a Year",/environment/story/regulators-bad-air-kills/,Some experts contest the study by the state's Air Resources Board,09/16/2010,wht_pushpin,38.5815719,-121.4943996
DA Still Investigating Girlfriend of Hit-and-Run Driver,/bikes/story/girlfriend-driver-charged-killing-german/,"Woman took the wheel after her car hit German tourist on a bike, who later died",09/14/2010,wht_pushpin,37.7749295,-122.4194155
Schwarzenegger Rides Korean Bullet Train,/blogs/pulse-of-the-bay/schwarzenegger-rides-korean-bullet-train/,,09/13/2010,wht_pushpin,38.5815719,-121.4943996
Oakland Airport Connector: Legacy or Lunacy?,/transportation/story/oakland-airport-connector-legacy-lunacy/,Opposition continues but so does the transit agency determination to build,09/09/2010,wht_pushpin,37.8043722,-122.2708026
My Job Made Me a Casual Carpooler,/blogs/staff/my-job-made-me-casual-carpooler/,,09/09/2010,wht_pushpin,37.8043722,-122.2708026
Oakland Airport Tram Plan Rolls On,/blogs/pulse-of-the-bay/oakland-airport-tram-plan-rolls/,,09/09/2010,wht_pushpin,37.8043722,-122.2708026
"Transbay Terminal: You've Got Questions, They've Got Answers",/blogs/pulse-of-the-bay/meetings-today-update-transbay-terminal/,,09/08/2010,wht_pushpin,37.7749295,-122.4194155
California Is Tops in Worst Roads,/blogs/pulse-of-the-bay/read-while-you-are-waiting-traffic-clear/,,09/02/2010,wht_pushpin,37.8043722,-122.2708026
From Stomach Bug to Biofuel,/science/story/berkeley-scientists-next-green-energy/,Berkeley scientists use E. coli to produce green energy alternative,09/01/2010,wht_pushpin,37.8764696,-122.2500071
Construction Pollution Slows with Economy,/environment/story/arb-concedes-error-road-truck-rule-plans/,"State agency set diesel emissions levels too high, prompting change",09/01/2010,wht_pushpin,38.5815719,-121.4943996
Presidio Parkway Could Revive a Wetland Buried by Asphalt,/environment/story/presidio-parkway-could-revive-wetland/,,08/30/2010,wht_pushpin,37.800162,-122.460543
AC Transit Proposes Cutting 39 Weekend Bus Lines,/transportation/story/ac-transit-proposes-cutting-most-weekend/,Bus service would be at lowest levels in past 25 years,08/30/2010,wht_pushpin,37.8043722,-122.2708026
BART Votes to Delay Fare Increase,/transportation/story/bart-votes-delay-fare-increase/,"Next increase won't happen until July, thanks to unexpected funding from state",08/26/2010,wht_pushpin,37.8088032,-122.2640847
Civil Rights Review of MTC Raises Governance Questions ,/transportation/story/federal-civil-rights-review-raises-mtc/,"The FTA's unusual probe, sparked by airport connector plan, is being closely watched by transit policymakers",08/24/2010,wht_pushpin,37.8043722,-122.2708026
Vigil for Cyclist Wednesday,/blogs/pulse-of-the-bay/vigil-cyclist/,,08/23/2010,wht_pushpin,37.7749295,-122.4194155
Disabled Parking Permits Appear to Be Overused,/transportation/story/handicap-placard-abuse-downtown-oakland/,Nearly half of cars in downtown Oakland have placards,08/20/2010,wht_pushpin,37.8043722,-122.2708026
Bikers Going Back to Arco Station,/blogs/pulse-of-the-bay/bikers-going-back-arco-station/,,08/20/2010,wht_pushpin,37.7749295,-122.4194155
Bikers Going Back to Arco Station,/blogs/pulse-of-the-bay/bikers-going-back-arco-station/,,08/20/2010,wht_pushpin,37.7749295,-122.4194155
Call that Grounded Plane Was Made to Hotel in Alameda,/blogs/pulse-of-the-bay/call-grounded-plane-was-made-hotel/,,08/19/2010,wht_pushpin,37.724489,-122.242226
Passengers Recount Wait on Tarmac,/travel/story/passengers-recount-wait-tarmac/,American Airlines flight held at San Francisco airport following phone threat,08/19/2010,wht_pushpin,37.615223,-122.389979
American Airlines Flight Held at SFO Due to Threat,/blogs/pulse-of-the-bay/american-airlines-flight-held-sfo-due/,,08/19/2010,wht_pushpin,37.615223,-122.389979
Suspect in Muni Stabbing Arrested,/crime/story/teenage-suspect-muni-stabbing-arrested/,Police say victim was stabbed after trying to intervene in dispute,08/18/2010,wht_pushpin,37.735028,-122.493857
Riders Speak Up about Potential Caltrain Cuts,/transportation/story/riders-speak-about-potential-caltrain/,Agency gets hundreds of messages; public meetings planned,08/18/2010,wht_pushpin,37.506445,-122.262004
Russian Mogul's 'Mega Yacht' Is Spotted Near Sausalito,/blogs/pulse-of-the-bay/russian-moguls-mega-yacht-near-sausalito/,,08/18/2010,wht_pushpin,37.8590937,-122.4852507
Feds Probe MTC over Civil Rights,/transportation/story/feds-probe-mtc-over-civil-rights/,Agency must prove it's following laws in airport connector debacle,08/17/2010,wht_pushpin,37.8043722,-122.2708026
Death Heightens Calls for Bike Lanes,/bikes/story/death-heightens-calls-bike-lanes/,"Driver who fatally hit bicyclist held for manslaughter, drunk driving",08/16/2010,wht_pushpin,37.7786249,-122.4470467
Death Heightens Calls for Bike Lanes,/bikes/story/death-heightens-calls-bike-lanes/,"Driver who fatally hit bicyclist held for manslaughter, drunk driving",08/16/2010,wht_pushpin,37.7786249,-122.4470467
Muni Posts Movie Ad with Guns: Whoops,/blogs/pulse-of-the-bay/muni-posts-movie-ad-guns-whoops/,,08/13/2010,wht_pushpin,37.7749295,-122.4194155
"BART Won't Cut Fares, Despite Surplus",/transportation/story/bart-wont-cut-fares-despite-surplus/,"Windfall from the state will go to rainy day fund, new seats and cleaning",08/12/2010,wht_pushpin,37.8084162,-122.2653875
Peninsula Grumbles as Rail Project Moves,/blogs/pulse-of-the-bay/peninsula-grumbles-rail-project-moves/,,08/12/2010,wht_pushpin,37.4852152,-122.2363548
Bike Lanes Get Green Light at Last,/bikes/story/bike-lanes-get-green-light-last/,Blogger who held up the project for 4 years is still considering an appeal,08/09/2010,wht_pushpin,37.7770892,-122.3949831
Bike Lanes Get Green Light at Last,/bikes/story/bike-lanes-get-green-light-last/,Blogger who held up the project for 4 years is still considering an appeal,08/09/2010,wht_pushpin,37.7770892,-122.3949831
A Streetcar for Oakland? A Student Shares His Plan,/transportation/story/streetcar-oakland-student-shares-his/,A new take on the old Key System could reinvigorate the city and provide better transportation,08/09/2010,wht_pushpin,37.8043722,-122.2708026
Bike Injunction Lifted,/blogs/pulse-of-the-bay/bike-injunction-lifted/,,08/06/2010,wht_pushpin,37.7749295,-122.4194155
SFMTA to Name Sustainable Streets Director,/transportation/story/sf-municipal-transportation-agency-name/,Bond Yee gets the job and lukewarm reception from transportation advocates,08/06/2010,wht_pushpin,37.7749295,-122.4194155
Muni to Restore Bulk of Cuts Next Month,/transportation/story/muni-partially-restore-cut-service-labor/,Plan due in December for full restoration by summer 2011,08/03/2010,wht_pushpin,37.774819,-122.41868
AC Transit Drivers Win in Court,/blogs/pulse-of-the-bay/ac-transit-drivers-win-court/,,08/02/2010,wht_pushpin,37.8043722,-122.2708026
"Charging Station: Amtrak, Martinez",/local-intelligence/story/local-intelligence-charging-station/,Electric vehicles can be recharged outside the Martinez Amtrak station,07/31/2010,wht_pushpin,38.018453,-122.138917
No Decision Yet on AC Transit Contract,/blogs/pulse-of-the-bay/no-decision-yet-ac-transit-contract/,,07/30/2010,wht_pushpin,37.799679,-122.262619
MTC Aims to Lower Emissions by 2035,/transportation/story/metropolitan-transportation-commission/,A 15 percent reduction will change Bay Area transit and land use,07/30/2010,wht_pushpin,37.7749295,-122.4194155
New Toll Takes Toll on Carpool Drivers,/blogs/pulse-of-the-bay/new-toll-takes-toll-carpool-drivers/,,07/29/2010,wht_pushpin,37.7749295,-122.4194155
Bay Bridge Tower Section Placed,/transportation/story/bay-bridge-suspension-tower-placed/,Local leaders celebrate as crews tilt the first of four tower legs into place,07/29/2010,wht_pushpin,37.8111407,-122.3660115
Hunters Point Bridge Gets Green Light,/development/story/hunters-point-bridge-gets-green-light/,Supes don't nix controversial span; Lennar project rolls forward,07/27/2010,wht_pushpin,37.7276095,-122.3702611
Will Green Paint Bring Bikers Peace? ,/blogs/pulse-of-the-bay/will-green-paint-bring-bikers-peace/,,07/27/2010,wht_pushpin,37.7749295,-122.4194155
SF Police Arrest 2 in Muni Ticket Theft,/transportation/story/sfpd-arrests-two-muni-ticket-theft/,A Muni mechanic and his criminal partner sold late-night transfers,07/26/2010,wht_pushpin,37.7749295,-122.4194155
BART Board OKs Airport Connector,/transportation/story/bart-board-oks-airport-connector/,Tram advocates brush aside loss of federal funds to pursue project,07/22/2010,wht_pushpin,37.8043722,-122.2708026
Meet Your New Parking Meter ,/transportation/story/meet-your-new-parking-meter/,"San Francisco is rolling out 200 snazzy new meters, but will they deliver?",07/22/2010,wht_pushpin,37.7729366,-122.4283212
Rush Hour? Pay to Drive Downtown,/transportation/story/rush-hour-pay-drive-downtown/,Public meetings to address congestion pricing in San Francisco,07/20/2010,wht_pushpin,37.7749295,-122.4194155
Bus Drivers Literally Sick of Contract,/blogs/pulse-of-the-bay/ac-transit-drivers-sick-contract/,,07/20/2010,wht_pushpin,37.8043722,-122.2708026
GG Bridge Carpoolers Get FasTraked,/blogs/pulse-of-the-bay/gg-bridge-carpoolers-get-fastraked/,,07/16/2010,wht_pushpin,37.8195864,-122.4785325
Muni's On-Time Performance Inched Up ,/transportation/story/munis-time-performance-inched/,New report says on-time rate is 75 percent--short of 85 percent target,07/15/2010,wht_pushpin,37.7749295,-122.4194155
Lawyers to Announce Class Action Suit Against NUMMI and Toyota,/transportation/story/lawyers-announce-class-action-suit-nummi/,Lawsuit is on behalf of employees left out of work by Fremont auto plant closure,07/14/2010,wht_pushpin,37.5482697,-121.9885719
Peninsula: Stop the Train,/blogs/pulse-of-the-bay/peninsula-stop-train/,,07/06/2010,wht_pushpin,37.4538274,-122.1821871
Death Prompts Questions about Cyclist Website,/bikes/story/death-raises-questions-about-cyclist/,Online speed competition may encourage risk-taking,07/03/2010,wht_pushpin,37.9020612,-122.259717
"SF Tries a Fix for Angry Cyclists, But Protests Continue",/transportation/story/sf-tries-fix-angry-cyclists-protests/,"Gas station draws ire over oil spill, blocked bike lanes",07/03/2010,wht_pushpin,37.7740553,-122.4376796
"SF Tries a Fix for Angry Cyclists, But Protests Continue",/transportation/story/sf-tries-fix-angry-cyclists-protests/,"Gas station draws ire over oil spill, blocked bike lanes",07/03/2010,wht_pushpin,37.7740553,-122.4376796
"For Carpoolers: New Fares, New Anxiety  ",/transportation/story/carpoolers-new-fares-new-anxiety/,New Bay Bridge tolls have complicated casual carpooling,07/01/2010,wht_pushpin,37.8043722,-122.2708026
Carpoolers Casual About New Toll ,/transportation/story/casual-carpool-coasts-along/,Commuters still queue up for ride over the Bay Bridge (SEE VIDEO),07/01/2010,wht_pushpin,37.8715926,-122.272747
Bicylist Victim in Hit-and-Run Gets Trust Fund,/crime/story/bicylist-victim-hit-and-run-gets-trust/,,07/01/2010,wht_pushpin,37.7749295,-122.4194155
Did You Take Casual Carpool Today?,/blogs/pulse-of-the-bay/casual-carpool-discussion/,,07/01/2010,wht_pushpin,37.8043722,-122.2708026
Tomorrow's Carpool: Not So Casual,/blogs/pulse-of-the-bay/tomorrows-carpool-not-so-casual/,,06/30/2010,wht_pushpin,37.7749295,-122.4194155
Tesla Motors Scores with Stock Offering ,/blogs/pulse-of-the-bay/tesla-motors-scores-stock-offering/,,06/29/2010,wht_pushpin,37.4418834,-122.1430195
"Chinese, Koreans Trade Pick-Ups for Harleys",/blogs/pulse-of-the-bay/chinese-koreans-trade-pick-ups-harleys/,,06/25/2010,wht_pushpin,37.4852152,-122.2363548
Biker Who Died May Have Been Trying to Break a Speed Record,/bikes/story/biker-who-died-may-have-been-trying/,Cyclist was part of an online 'virtual' racing group,06/24/2010,wht_pushpin,37.9020612,-122.259717
SF Bike Lanes Await Final Decision,/transportation/story/sf-bike-lanes-await-final-decision/,"Three-hour hearing yields sniping, but few clues as to judge's position",06/22/2010,wht_pushpin,37.7749295,-122.4194155
SF Bike Lanes Await Final Decision,/transportation/story/sf-bike-lanes-await-final-decision/,"Three-hour hearing yields sniping, but few clues as to judge's position",06/22/2010,wht_pushpin,37.7749295,-122.4194155
Airport Connector Back on Track ,/transportation/story/derailed-once-airport-connector-saga/,"After feds pull $70 million, BART makes local stops for funds",06/22/2010,wht_pushpin,37.8043722,-122.2708026
"Play It Again, PianoBike Man",/music/story/play-it-again-pianobike-man/,Gary St. Frankenstein pedals as he plays,06/21/2010,wht_pushpin,37.7749295,-122.4194155
Bike Hit-and-Run Driver Pleads 'Not Guilty',/crime/story/bike-hit-and-run-driver-pleads-not/,David Mark Clark held without bail,06/17/2010,wht_pushpin,37.7749295,-122.4194155
They Call It Clipper ,/blogs/pulse-of-the-bay/they-call-it-clipper-now/,,06/16/2010,wht_pushpin,37.7749295,-122.4194155
AC Transit Wants $15 Million from Drivers,/transportation/story/ac-transit-wants-15-million-drivers/,"Negotiations stumble, mirroring San Francisco's Muni woes",06/14/2010,wht_pushpin,37.805364,-122.268402
Sunday Streets Gets Oakland Flair,/blogs/pulse-of-the-bay/sunday-streets-gets-oakland-flair/,,06/14/2010,wht_pushpin,37.7941971,-122.2760333
Sunday Streets Gets Oakland Flair,/blogs/pulse-of-the-bay/sunday-streets-gets-oakland-flair/,,06/14/2010,wht_pushpin,37.7941971,-122.2760333
Biker Attacker a 'Natural Healer',/blogs/pulse-of-the-bay/biker-attacker-tennis-pro-natural-healer/,,06/08/2010,wht_pushpin,37.7749295,-122.4194155
Biker Attacker a 'Natural Healer',/blogs/pulse-of-the-bay/biker-attacker-tennis-pro-natural-healer/,,06/08/2010,wht_pushpin,37.7749295,-122.4194155
Suspect Named in Mission Rampage,/blogs/pulse-of-the-bay/suspect-named-mission-rampage/,,06/05/2010,wht_pushpin,37.88687,-122.2977475
Suspect in Mission Rampage Reported Car Stolen,/blogs/pulse-of-the-bay/suspect-mission-rampage-reported-car/,,06/04/2010,wht_pushpin,37.7749295,-122.4194155
Suspect in Mission Rampage Reported Car Stolen,/blogs/pulse-of-the-bay/suspect-mission-rampage-reported-car/,,06/04/2010,wht_pushpin,37.7749295,-122.4194155
Nature Lover or Kook?,/crime/story/nature-lover-kook/,Police arrest Berkeley man for allegedly using a handsaw to attack a bicyclist,06/04/2010,wht_pushpin,37.8829891,-122.2458132
Nature Lover or Kook?,/crime/story/nature-lover-kook/,Police arrest Berkeley man for allegedly using a handsaw to attack a bicyclist,06/04/2010,wht_pushpin,37.8829891,-122.2458132
Arrest in Mission Bicyclist Rampage,/blogs/pulse-of-the-bay/police-arrest-suspect-mission-bicyclist/,,06/04/2010,wht_pushpin,37.775252,-122.403768
Station Loses Cheerful BART Attendant,/blogs/pulse-of-the-bay/bart-attendant-campaigns-cheerfulness/,,06/03/2010,wht_pushpin,37.7890206,-122.4017591
Eshoo to High Speed Rail: Don't mess with the Peninsula,/blogs/pulse-of-the-bay/eshoo-rail-fast-track-pissing-my/,,06/02/2010,wht_pushpin,37.4538274,-122.1821871
Memorable Memorial Day in SFâ€¦ for Parking Tickets ,/transportation/story/memorable-memorial-day-sf-parking/,Drivers surprised to find parking meters enforced on national holiday,06/01/2010,wht_pushpin,37.7914959,-122.420873
Golden Gate Carpoolers Must Pay,/blogs/pulse-of-the-bay/golden-gate-carpoolers-must-pay/,,05/28/2010,wht_pushpin,37.7749295,-122.4194155
Muni Cuts Reversed...by 2011,/blogs/pulse-of-the-bay/muni-cuts-reversed-july-2011/,,05/27/2010,wht_pushpin,37.7749295,-122.4194155
Season of the Scraper Bikes,/blogs/pulse-of-the-bay/season-scraper-bikes/,,05/27/2010,wht_pushpin,37.5460071,-122.2953855
Season of the Scraper Bikes,/blogs/pulse-of-the-bay/season-scraper-bikes/,,05/27/2010,wht_pushpin,37.5460071,-122.2953855
East Bay Seniors Give AC Transit an Earful,/blogs/pulse-of-the-bay/update-ac-transit-public-hearings-dont/,,05/27/2010,wht_pushpin,37.805364,-122.268402
