Case,Date,Time,Street1,DisFm,Geo,Street2,P1,P2,P3,Primary,Inj,Fatal,HR,PP
90278803,"Thu., Jan. 01,2009",18:45,BUSH,14,E,GRANT,BICYCLE,,,22350,1,0,,
90311356,"Tue., Jan. 06,2009",01:00,EDDY,0,X,TAYLOR,BICYCLE,,,22350,1,0,,
90307606,"Wed., Jan. 07,2009",08:40,EMBARCADERO,261,S,WASHINGTON,BICYCLE,AUTO,,21453A,1,0,,
90649997,"Thu., Jan. 08,2009",19:00,BATTERY,70,S,CALIFORNIA,BICYCLE,AUTO,,21650.1,1,0,,
91002778,"Tue., Jan. 13,2009",17:14,WASHINGTON,218,W,KEARNY,BICYCLE,AUTO,,21650.1,1,0,,
90791758,"Thu., Jan. 15,2009",17:00,PINE,19,W,KEARNY,BICYCLE,AUTO,,21657,1,0,,
90973188,"Fri., Jan. 16,2009",22:18,KEARNY,0,X,PINE,BICYCLE,AUTO,,21658A,1,0,,
90695207,"Sat., Jan. 17,2009",16:20,BEACH,48,W,STOCKTON,BICYCLE,AUTO,,21750,1,0,,
91212347,"Mon., Jan. 19,2009",12:00,TAYLOR,66,N,JEFFERSON,BICYCLE,AUTO,,21754,1,0,,
90557920,"Wed., Jan. 21,2009",13:15,EMBARCADERO,0,X,WASHINGTON,BICYCLE,AUTO,,22350,1,0,,
90505838,"Wed., Jan. 21,2009",14:45,CALIFORNIA,12,W,LEAVENWORTH,BICYCLE,AUTO (PKD),,22350,1,0,,
90614473,"Wed., Jan. 21,2009",15:21,COLUMBUS,43,N,MASON,BICYCLE,AUTO (PKD),,22350,1,0,,
90292342,"Sat., Jan. 24,2009",09:15,MARKET,27,E,SUTTER,BICYCLE,BUS (OTHER),,22107,1,0,,
90188666,"Tue., Jan. 27,2009",04:14,POST,60,E,MASON,BICYCLE,FIXED OBJECT,,22350,1,0,,
90379241,"Sun., Feb. 01,2009",15:18,POST,135,W,MASON,BICYCLE,FIXED OBJECT,,22350,1,0,,
91074460,"Sun., Feb. 01,2009",07:05,EMBARCADERO,31,S,BROADWAY,BICYCLE,OTHER OBJECT,,22350,1,0,,
91238490,"Mon., Feb. 02,2009",15:08,STOCKTON,11,S,PACIFIC,BICYCLE,PEDESTRIAN,,21453A,1,0,,
90417697,"Tue., Feb. 03,2009",19:52,KEARNY,30,N,SACRAMENTO,BICYCLE,TAXI,,21201.0,1,0,,
90851073,"Tue., Feb. 03,2009",08:30,COLUMBUS,0,X,NORTH POINT,BICYCLE,TAXI,,21750,1,0,,
90854073,"Tue., Feb. 03,2009",08:30,COLUMBUS,0,X,NORTH POINT,BICYCLE,TAXI,,21750,1,0,,
91075004,"Sun., Feb. 08,2009",10:15,KEARNY,0,,CALIFORNIA,BICYCLE,TAXI,,21658A,1,0,,
90153794,"Tue., Feb. 10,2009",17:00,MONTGOMERY,0,X,SACRAMENTO,BICYCLE,TRK/TRK TRAC,,21453A,1,0,,
90739849,"Wed., Feb. 11,2009",21:54,MARKET,112,W,GUERRERO,BICYCLE,,,22107,1,0,,
90512623,"Thu., Feb. 12,2009",10:35,5TH,0,X,MARKET,BICYCLE,,,22350,1,0,,
90147888,"Fri., Feb. 13,2009",08:47,MARKET,100,E,FREMONT,BICYCLE,,,OID,1,0,,
90527882,"Sun., Feb. 15,2009",14:20,HOWARD,44,E,3RD,BICYCLE,,,OTD,1,0,,
90623913,"Fri., Feb. 20,2009",10:10,MARKET,60,W,12TH,BICYCLE,,,UNK,1,0,,
91037311,"Sat., Feb. 21,2009",17:55,MARKET,367,W,6TH,BICYCLE,,,22350,1,0,,
91060102,"Tue., Feb. 24,2009",09:58,HARRISON,0,X,SHERMAN,BICYCLE,AUTO,,21202B,1,0,,
90186234,"Fri., Feb. 27,2009",14:43,MARKET,398,E,5TH,BICYCLE,AUTO,,21208B,1,0,,
90498459,"Thu., Mar. 05,2009",16:32,7TH,0,X,MARKET,BICYCLE,AUTO,,21453A,1,0,,
90797085,"Fri., Mar. 06,2009",22:26,10TH,0,X,MISSION,BICYCLE,AUTO,,21453A,1,0,,
91108564,"Sat., Mar. 07,2009",17:19,GOUGH,3,S,MARKET,BICYCLE,AUTO,,21453A,1,0,,
90662676,"Tue., Mar. 10,2009",14:38,7TH,0,X,BRYANT,BICYCLE,AUTO,,21650.1,1,0,,
91096317,"Wed., Mar. 11,2009",12:55,HOWARD,10,W,9TH,BICYCLE,AUTO,,21650.1,1,0,,
91015834,"Sun., Mar. 15,2009",05:13,3RD,0,X,BRYANT,BICYCLE,AUTO,,21657,1,0,,
91033284,"Mon., Mar. 16,2009",17:04,6TH,40,S,HOWARD,BICYCLE,AUTO,,21658A,1,0,,
90590543,"Mon., Mar. 16,2009",18:26,MARKET,48,W,6TH,BICYCLE,AUTO,,21750,1,0,,
90868909,"Tue., Mar. 17,2009",17:40,MARKET,0,X,VALENCIA,BICYCLE,AUTO,,21750,1,0,,
90867428,"Tue., Mar. 17,2009",10:54,DIVISION,0,X,HENRY ADAMS,BICYCLE,AUTO,,21755,1,0,,
90853568,"Wed., Mar. 18,2009",18:20,BOARDMAN,2,W,BRANNAN,BICYCLE,AUTO,,21804,1,0,,
90233910,"Wed., Mar. 18,2009",08:05,5TH,0,X,HOWARD,BICYCLE,AUTO,,22107,1,0,,
90550805,"Fri., Mar. 20,2009",10:36,MISSION,31,W,MINT,BICYCLE,AUTO,,22107,1,0,,
90568927,"Tue., Mar. 24,2009",17:55,8TH,0,X,BRANNAN,BICYCLE,AUTO,,22107,1,0,,
90969911,"Tue., Mar. 24,2009",23:46,MISSION,27,W,NEW MONTGOMERY,BICYCLE,AUTO,,22107,1,0,,
91016105,"Wed., Mar. 25,2009",07:55,DIVISION,41,E,HENRY ADAMS,BICYCLE,AUTO,,22107,1,0,,
91113143,"Wed., Mar. 25,2009",21:51,5TH,0,X,HOWARD,BICYCLE,AUTO,,22350,1,0,,
91127649,"Thu., Mar. 26,2009",21:10,MARKET,31,E,JONES,BICYCLE,AUTO,,22350,1,0,,
91076369,"Thu., Mar. 26,2009",21:43,8TH,0,X,TOWNSEND,BICYCLE,AUTO,,22450,1,0,,
90314946,"Thu., Mar. 26,2009",21:00,MARKET,0,X,OCTAVIA,BICYCLE,AUTO,,21703,1,0,,
91225726,"Fri., Mar. 27,2009",00:51,17TH,0,X,VALENCIA,BICYCLE,AUTO,,21801B,1,0,,
91063827,"Sat., Mar. 28,2009",09:15,5TH,24,S,MARKET,BICYCLE,AUTO,,21453A,1,0,,
90751235,"Sat., Mar. 28,2009",00:16,4TH,0,X,HOWARD,BICYCLE,AUTO,,21457A,1,0,,
90098980,"Tue., Mar. 31,2009",17:30,3RD,150,N,HARRISON,BICYCLE,AUTO,,21703,1,0,,
90607569,"Tue., Mar. 31,2009",11:45,FOLSOM,199,W,3RD,BICYCLE,AUTO (PKD),,22350,1,0,,
90337960,"Tue., Mar. 31,2009",18:50,TOWNSEND,212,E,6TH,BICYCLE,AUTO (PKD),,22350,1,0,,
90285864,"Fri., Apr. 03,2009",16:05,2ND,89,S,TOWNSEND,BICYCLE,AUTO (PKD),,22350,0,0,YES,
90659770,"Fri., Apr. 03,2009",18:38,HOWARD,4,W,8TH,BICYCLE,BICYCLE,,21755,1,0,,
91220055,"Sat., Apr. 04,2009",09:30,MARKET,21,E,VAN NESS,BICYCLE,BICYCLE,,22107,1,0,,
91209134,"Mon., Apr. 06,2009",13:58,MARKET,40,W,MONTGOMERY,BICYCLE,BUS (OTHER),,22107,1,0,,
91134707,"Wed., Apr. 08,2009",17:26,MARKET,84,W,SUTTER,BICYCLE,FIXED OBJECT,,21208B,1,0,,
90540787,"Fri., Apr. 10,2009",12:30,6TH,72,N,CLARA,BICYCLE,FIXED OBJECT,,OTD,1,0,,
91107732,"Fri., Apr. 10,2009",13:19,MARKET,0,E,DRUMM,BICYCLE,FIXED OBJECT,,OTD,1,0,,
91160586,"Sat., Apr. 11,2009",19:41,MARKET,10,W,7TH,BICYCLE,FIXED OBJECT,,OTD,1,0,,
91241647,"Sat., Apr. 11,2009",14:35,MARKET,295,E,5TH,BICYCLE,FIXED OBJECT,,OTD,1,0,,
90476580,"Sun., Apr. 12,2009",15:19,5TH,0,X,HARRISON,BICYCLE,PEDESTRIAN,,21650.1,1,0,,
90066692,"Sun., Apr. 12,2009",07:57,EMBARCADERO,325,N,MARKET,BICYCLE,PEDESTRIAN,,21950A,1,0,YES,
90614956,"Tue., Apr. 14,2009",17:23,MISSION,9,W,3RD,BICYCLE,PEDESTRIAN,,21950A,1,0,,
91115274,"Tue., Apr. 14,2009",14:32,MARKET,45,E,POWELL,BICYCLE,TAXI,,21658A,1,0,,
91284299,"Sat., Apr. 18,2009",13:18,MARKET,71,W,NEW MONTGOMERY,BICYCLE,TAXI,,21755,1,0,,
90077354,"Sun., Apr. 19,2009",18:50,DUBOCE,0,X,VALENCIA,BICYCLE,TAXI,,22107,1,0,,
91067233,"Mon., Apr. 20,2009",08:48,DIVISION,12,N,HENRY ADAMS,BICYCLE,TAXI,,22107,1,0,,
91078791,"Tue., Apr. 21,2009",11:51,5TH,195,N,BRANNAN,BICYCLE,TRK/TRK TRAC,,21755,1,0,,
90600074,"Tue., Apr. 21,2009",09:55,2ND,0,X,DE BOOM,BICYCLE,TRK/TRK TRAC,,21208,0,0,,
91086578,"Thu., Apr. 23,2009",16:55,11TH,0,X,HOWARD,BICYCLE,PEDESTRIAN,AUTO,21453A,1,0,YES,
91085859,"Sat., Apr. 25,2009",15:00,MISSION,17,E,NEW MONTGOMERY,BICYCLE,PEDESTRIAN,PEDESTRIAN,21453A,1,0,,
91177280,"Sun., May. 03,2009",15:40,JENNINGS,9,N,FITZGERALD,BICYCLE,AUTO,,21201,1,0,,
90358386,"Wed., May. 06,2009",06:54,3RD,4,S,16TH,BICYCLE,AUTO,,21453A,1,0,,
90721664,"Thu., May. 07,2009",18:40,ARMY,491,W,EVANS,BICYCLE,AUTO,,21650.1,1,0,,
90310568,"Tue., May. 12,2009",19:19,REVERE,194,E,3RD,BICYCLE,AUTO,,21804,1,0,,
90461973,"Wed., May. 13,2009",15:10,SILVER,10,E,BAYSHORE,BICYCLE,AUTO,,21663,1,0,,
90121252,"Wed., May. 13,2009",18:24,EVANS,100,W,SELBY,BICYCLE,AUTO (PKD),,22350,1,0,,
90865836,"Thu., May. 14,2009",20:55,BAYSHORE,169,S,ARMY,BICYCLE,BICYCLE,,UNK,1,0,,
90967993,"Fri., May. 15,2009",14:10,20TH,0,X,MISSOURI,BICYCLE,TRK/TRK TRAC,,21650.1,1,0,,
90274986,"Sat., May. 16,2009",08:27,3RD,0,X,16TH,BICYCLE,TRK/TRK TRAC,,22101.0,1,0,,
91106530,"Sun., May. 17,2009",10:41,POTRERO,10,S,21ST,BICYCLE,,,22350,1,0,,
90242046,"Sun., May. 17,2009",10:14,21ST,165,E,VALENCIA,BICYCLE,,,UNK,1,0,,
91293557,"Sun., May. 17,2009",07:45,CASTRO,130,S,MARKET,BICYCLE,,,UNK,1,0,,
90383430,"Sun., May. 17,2009",19:51,MISSION,10,N,17TH,BICYCLE,,,22350,1,0,,
90669569,"Sun., May. 17,2009",11:55,18TH,0,X,VALENCIA,BICYCLE,AUTO,,21453A,2,0,YES,
90255196,"Sun., May. 17,2009",21:06,16TH,0,X,CHURCH,BICYCLE,AUTO,,21201B,1,0,,
91159341,"Tue., May. 19,2009",14:27,FOLSOM,6,N,20TH,BICYCLE,AUTO,,21453B,1,0,,
90735079,"Wed., May. 20,2009",18:31,22ND,9,W,CAPP,BICYCLE,AUTO,,21650.1,1,0,,
91176389,"Thu., May. 21,2009",11:09,15TH,0,X,ALBION,BICYCLE,AUTO,,21650.1,1,0,,
91088916,"Mon., May. 25,2009",11:25,24TH,0,X,FLORIDA,BICYCLE,AUTO,,21658A,1,0,YES,
91013866,"Tue., May. 26,2009",15:35,MISSION,233,N,15TH,BICYCLE,AUTO,,21751,1,0,,
90719540,"Tue., May. 26,2009",10:00,14TH,0,X,MARKET,BICYCLE,AUTO,,21801A,1,0,,
90335243,"Wed., May. 27,2009",09:10,16TH,113,W,GUERRERO,BICYCLE,AUTO,,21804,1,0,,
90638837,"Thu., May. 28,2009",16:32,FLORIDA,172,N,26TH,BICYCLE,AUTO,,21804,1,0,,
90847066,"Sat., May. 30,2009",08:12,MARKET,20,E,14TH,BICYCLE,AUTO,,22100B,1,0,,
91039856,"Tue., Jun. 02,2009",14:12,ALABAMA,46,N,16TH,BICYCLE,AUTO,,22348C,1,0,,
90256213,"Thu., Jun. 04,2009",09:05,16TH,0,X,SAN BRUNO,BICYCLE,AUTO,,22350,1,0,,
90575314,"Fri., Jun. 05,2009",13:03,14TH,68,E,VALENCIA,BICYCLE,AUTO,,22350,1,0,,
90706246,"Sat., Jun. 06,2009",19:11,22ND,0,X,GUERRERO,BICYCLE,AUTO,,22350,1,0,,
91066558,"Sat., Jun. 06,2009",21:35,25TH,0,X,FOLSOM,BICYCLE,AUTO,,22450,1,0,,
90971643,"Mon., Jun. 08,2009",12:46,VALENCIA,34,S,SYCAMORE,BICYCLE,AUTO,,21650.1,1,0,,
90512849,"Tue., Jun. 09,2009",11:59,BRYANT,0,X,DIVISION,BICYCLE,AUTO,,UNK,0,0,,
90592998,"Tue., Jun. 09,2009",13:00,DIVISION,3,E,SOUTH VAN NESS,BICYCLE,AUTO,,21202A,1,0,,
90375954,"Thu., Jun. 11,2009",16:00,21ST,0,X,HARRISON,BICYCLE,AUTO,,22450,1,0,,
90889773,"Thu., Jun. 11,2009",23:05,14TH,0,X,MARKET,BICYCLE,AUTO,,NS,1,0,YES,
91096464,"Thu., Jun. 11,2009",13:25,24TH,0,X,MISSION,BICYCLE,AUTO,,22350,0,0,YES,
91185261,"Sat., Jun. 13,2009",18:01,MARKET,103,W,ROMAIN,BICYCLE,AUTO,,22350,0,0,,
90088969,"Mon., Jun. 15,2009",23:21,16TH,100,W,DOLORES,BICYCLE,AUTO (PKD),,22350,1,0,,
90972027,"Mon., Jun. 15,2009",14:45,18TH,0,X,DOLORES,BICYCLE,BICYCLE,,21801A,2,0,,
90648773,"Tue., Jun. 16,2009",12:22,MARKET,0,X,HATTIE,BICYCLE,BICYCLE,,OTD,2,0,,
90981131,"Wed., Jun. 17,2009",21:48,TREAT,4,N,26TH,BICYCLE,BICYCLE,,22450,1,0,,
90621757,"Thu., Jun. 18,2009",17:34,MARKET,2,N,16TH,BICYCLE,FIXED OBJECT,,22350,1,0,,
91289590,"Sun., Jun. 21,2009",22:27,NOE,90,S,MARKET,BICYCLE,FIXED OBJECT,,22350,1,0,,
91222459,"Mon., Jun. 22,2009",23:49,MARKET,0,X,SANCHEZ,BICYCLE,MOTORCYCLE,,21453A,2,0,,
91214503,"Wed., Jun. 24,2009",02:44,14TH,0,X,VALENCIA,BICYCLE,MOTORCYCLE,,21801A,1,0,,
90470902,"Thu., Jun. 25,2009",06:10,DOLORES,252,S,18TH,BICYCLE,PEDESTRIAN,,22350,1,0,YES,
91276343,"Thu., Jun. 25,2009",09:01,22ND,0,X,MISSION,BICYCLE,PEDESTRIAN,,22350,1,0,YES,
90492724,"Thu., Jun. 25,2009",09:04,20TH,0,X,HARRISON,BICYCLE,PEDESTRIAN,,22450,1,0,,
90733346,"Sat., Jun. 27,2009",01:58,18TH,0,X,VALENCIA,BICYCLE,PEDESTRIAN,,22350,1,0,,
91040057,"Sat., Jun. 27,2009",15:13,12TH,0,X,FOLSOM,BICYCLE,TAXI,,22100B,1,0,,
90643886,"Sun., Jun. 28,2009",01:55,VALENCIA,50,S,21ST,BICYCLE,TAXI,,22102,0,0,YES,
91061489,"Mon., Jun. 29,2009",14:58,FOLSOM,8,S,ERIE,BICYCLE,TRK/TRK TRAC,,21650.1,0,1,,
90656817,"Mon., Jun. 29,2009",19:09,26TH,80,E,SAN JOSE,BICYCLE,TRK/TRK TRAC,,22103,1,0,YES,
90391041,"Wed., Jul. 01,2009",18:17,ARMY,15,E,GUERRERO,BICYCLE,TRK/TRK TRAC,,22107,1,0,,
90316049,"Wed., Jul. 01,2009",08:30,14TH,0,X,MINNA,BICYCLE,AUTO (PKD),AUTO,22350,1,0,,
90501814,"Tue., Jul. 07,2009",13:28,VAN NESS,80,N,HAYES,BICYCLE,,,OTD,1,0,,
91122962,"Wed., Jul. 08,2009",17:03,VAN NESS,12,N,HAYES,BICYCLE,,,OTD,1,0,,
91203095,"Sat., Jul. 11,2009",17:20,CHESTNUT,147,E,DIVISADERO,BICYCLE,,,OTD,1,0,,
90323492,"Sat., Jul. 11,2009",01:33,MARKET,0,X,OCTAVIA,BICYCLE,,,UNK,1,0,,
91136355,"Sat., Jul. 11,2009",05:45,FILLMORE,0,X,GOLDEN GATE,BICYCLE,,,UNK,1,0,,
91069499,"Tue., Jul. 14,2009",19:39,EDDY,0,X,POLK,BICYCLE,AUTO,,21201A,1,0,,
90045969,"Wed., Jul. 15,2009",18:41,LARKIN,8,S,WILLOW,BICYCLE,AUTO,,21201.0,1,0,,
90771766,"Wed., Jul. 15,2009",22:42,FRANKLIN,0,X,GROVE,BICYCLE,AUTO,,21201.0,1,0,,
90140462,"Fri., Jul. 17,2009",02:06,BUSH,12,W,FILLMORE,BICYCLE,AUTO,,21453A,1,0,,
90353659,"Fri., Jul. 17,2009",18:57,MARINA,0,X,SCOTT,BICYCLE,AUTO,,21453A,1,0,,
90935592,"Sun., Jul. 19,2009",08:30,WEBSTER,12,S,SUTTER,BICYCLE,AUTO,,21650.1,1,0,,
90380179,"Sun., Jul. 19,2009",19:45,VAN NESS,0,X,SACRAMENTO,BICYCLE,AUTO,,21657,1,0,,
90512742,"Mon., Jul. 20,2009",11:15,PAGE,186,S,WEBSTER,BICYCLE,AUTO,,21658A,1,0,,
91213345,"Fri., Jul. 24,2009",17:55,CEDAR,0,X,POLK,BICYCLE,AUTO,,21750,1,0,,
91315537,"Mon., Jul. 27,2009",18:27,POST,0,X,WEBSTER,BICYCLE,AUTO,,21801B,1,0,,
90125561,"Wed., Jul. 29,2009",22:17,CALIFORNIA,0,X,WEBSTER,BICYCLE,AUTO,,21802A,1,0,,
90167858,"Tue., Aug. 04,2009",16:16,CHURCH,0,X,DUBOCE,BICYCLE,AUTO,,21802A,1,0,,
90635601,"Wed., Aug. 05,2009",16:42,EDDY,5,E,POLARIS,BICYCLE,AUTO,,22100B,1,0,,
90542830,"Thu., Aug. 06,2009",08:54,POLK,20,N,SUTTER,BICYCLE,AUTO,,22350,1,0,,
90074316,"Mon., Aug. 10,2009",07:25,14TH,38,E,SANCHEZ,BICYCLE,AUTO,,22450,1,0,,
90941141,"Wed., Aug. 12,2009",18:18,GREEN,0,X,LARKIN,BICYCLE,AUTO,,22450,1,0,,
90977851,"Wed., Aug. 12,2009",08:00,LOMBARD,0,X,POLK,BICYCLE,AUTO,,22450,1,0,,
90161446,"Thu., Aug. 13,2009",17:37,OFARRELL,0,X,POLK,BICYCLE,AUTO,,UNK,1,0,,
90705840,"Thu., Aug. 13,2009",15:17,FULTON,95,W,GOUGH,BICYCLE,AUTO,,UNK,1,0,,
91323182,"Thu., Aug. 13,2009",19:08,HAYES,0,X,LARKIN,BICYCLE,AUTO,,21453A,0,0,YES,
90054186,"Wed., Aug. 19,2009",18:35,MARINA,66,E,YACHT HARBOR,BICYCLE,AUTO,,NS,1,0,,
90122523,"Thu., Aug. 20,2009",06:55,POLK,39,N,GOLDEN GATE,BICYCLE,AUTO (PKD),,22350,1,0,,
90717124,"Thu., Aug. 20,2009",16:18,FULTON,120,E,FILLMORE,BICYCLE,AUTO (PKD),,22350,0,0,,
91199303,"Sun., Aug. 23,2009",14:04,HAYES,0,X,WEBSTER,BICYCLE,MOTORCYCLE,,21453A,1,0,,
91244992,"Mon., Aug. 24,2009",13:13,FILLMORE,0,X,UNION,BICYCLE,TAXI,,21453A,1,0,,
91300334,"Mon., Aug. 24,2009",10:48,HAYES,0,X,POLK,BICYCLE,TAXI,,21453A,1,0,,
90513201,"Sat., Aug. 29,2009",14:18,FULTON,0,X,WEBSTER,BICYCLE,TAXI,,UNK,1,0,,
90688898,"Sat., Aug. 29,2009",21:50,NORTH POINT,28,W,POLK,BICYCLE,TRK/TRK TRAC,,21650.1,1,0,,
91152066,"Wed., Sep. 02,2009",13:50,LAGUNA,38,N,EDDY,BICYCLE,TRK/TRK TRAC,,21754B,1,0,,
90524242,"Sun., Sep. 06,2009",12:40,VAN NESS,0,X,SUTTER,BICYCLE,TRK/TRK TRAC,,22107,1,0,,
91037515,"Mon., Sep. 07,2009",19:08,OCTAVIA,0,X,PAGE,BICYCLE,TRK/TRK TRAC,,22107,1,0,,
90522412,"Wed., Sep. 09,2009",22:19,STANYAN,190,N,HAYES,BICYCLE,,,22350,1,0,,
90996817,"Thu., Sep. 10,2009",20:40,HAIGHT,61,E,CLAYTON,BICYCLE,,,OID,1,0,,
90823179,"Fri., Sep. 11,2009",21:05,OAK,17,E,BAKER,BICYCLE,AUTO,,21453A,1,0,,
90825335,"Sat., Sep. 12,2009",14:43,CASTRO,0,X,DUBOCE,BICYCLE,AUTO,,21453A,1,0,,
91235515,"Tue., Sep. 15,2009",18:20,LAGUNA HONDA,200,E,PLAZA,BICYCLE,AUTO,,21453A,1,0,,
90347630,"Tue., Sep. 15,2009",09:17,LAGUNA HONDA,0,X,WOODSIDE,BICYCLE,AUTO,,21658A,1,0,,
90510627,"Tue., Sep. 15,2009",20:38,ANZA,0,X,MASONIC,BICYCLE,AUTO,,21658A,1,0,,
90999560,"Sat., Sep. 19,2009",18:20,OAK,144,W,DIVISADERO,BICYCLE,AUTO,,21750,1,0,,
91278496,"Sat., Sep. 19,2009",18:26,OAK,74,E,CENTRAL,BICYCLE,AUTO,,21750,1,0,,
90600842,"Sun., Sep. 20,2009",12:50,7TH,0,X,JUDAH,BICYCLE,AUTO,,21755,1,0,,
91046635,"Sun., Sep. 20,2009",12:15,DUBOCE,45,W,WALTER,BICYCLE,AUTO,,21755,1,0,,
91242980,"Sun., Sep. 20,2009",20:40,GEARY,0,X,DIVISADERO,BICYCLE,AUTO,,21801B,1,0,,
90369543,"Tue., Sep. 22,2009",19:00,4TH,0,X,LINCOLN,BICYCLE,AUTO,,21802B,1,0,,
90016960,"Tue., Sep. 22,2009",00:12,HAIGHT,0,X,MASONIC,BICYCLE,AUTO,,22100B,1,0,,
90814639,"Wed., Sep. 23,2009",16:00,FELL,40,E,DIVISADERO,BICYCLE,AUTO,,22350,1,0,YES,
91247974,"Fri., Sep. 25,2009",11:23,SCOTT,28,N,HAIGHT,BICYCLE,AUTO,,22350,1,0,YES,
90002232,"Fri., Sep. 25,2009",15:00,SCOTT,19,S,OAK,BICYCLE,AUTO,,22350,1,0,,
90123214,"Sat., Sep. 26,2009",11:14,FULTON,0,X,MASONIC,BICYCLE,AUTO,,22350,1,0,,
90639849,"Sat., Sep. 26,2009",10:39,GOLDEN GATE,0,X,PARKER,BICYCLE,AUTO,,22450,1,0,,
90376601,"Sun., Sep. 27,2009",20:16,DIVISADERO,0,X,EDDY,BICYCLE,AUTO,,21453A,1,0,,
91314006,"Sun., Sep. 27,2009",09:11,KEZAR,190,S,JOHN F KENNEDY,BICYCLE,AUTO,,21650.1,1,0,,
90114796,"Fri., Oct. 02,2009",00:15,DIVISADERO,0,X,HAYES,BICYCLE,FIXED OBJECT,,22350,1,0,,
90156867,"Fri., Oct. 02,2009",14:00,FELL,0,X,STANYAN,BICYCLE,MOTORCYCLE,,21453A,2,0,,
91033961,"Sat., Oct. 03,2009",19:52,FELL,0,X,MASONIC,BICYCLE,TAXI,,21801B,1,0,,
90826957,"Sun., Oct. 04,2009",23:44,PAGE,0,X,SCOTT,BICYCLE,TAXI,,22450,1,0,,
91142998,"Tue., Oct. 06,2009",18:50,STANYAN,4,S,HAIGHT,BICYCLE,TRK/TRK TRAC,,21451A,1,0,,
90319918,"Tue., Oct. 06,2009",07:30,GEARY,0,X,BRODERICK,BICYCLE,TRK/TRK TRAC,,21650.1,1,0,,
90991817,"Tue., Oct. 06,2009",15:38,DIVISADERO,0,X,PAGE,BICYCLE,TRK/TRK TRAC,,22350,1,0,,
90544240,"Wed., Oct. 07,2009",16:10,DIVISADERO,0,X,GOLDEN GATE,BICYCLE,TRK/TRK TRAC,,22350,1,0,,
91192288,"Thu., Oct. 08,2009",15:01,HAIGHT,0,X,PIERCE,BICYCLE,AUTO,AUTO,22450,1,0,,
90669882,"Thu., Oct. 08,2009",13:45,HAIGHT,65,E,BRODERICK,BICYCLE,AUTO,AUTO (PKD),22350,1,0,,
90515075,"Sat., Oct. 10,2009",23:30,15TH,12,S,LAKE,BICYCLE,,,21201.0,1,0,,
90282757,"Wed., Oct. 14,2009",23:57,27TH,50,S,CLEMENT,BICYCLE,,,22350,1,0,,
90949474,"Wed., Oct. 14,2009",00:27,36TH,300,S,BALBOA,BICYCLE,,,OTD,1,0,,
91212416,"Wed., Oct. 14,2009",12:33,JOHN F KENNEDY,45,E,TRANSVERSE,BICYCLE,,,OTD,1,0,,
90995091,"Thu., Oct. 15,2009",12:03,JOHN F KENNEDY,0,X,TRANSVERSE,BICYCLE,,,UNK,1,0,,
90347715,"Thu., Oct. 15,2009",09:40,CALIFORNIA,28,W,BRODERICK,BICYCLE,,,22350,1,0,,
90904729,"Fri., Oct. 16,2009",20:09,27TH,0,X,CABRILLO,BICYCLE,AUTO,,21201.0,1,0,,
90381860,"Fri., Oct. 16,2009",10:34,FULTON,5,W,4TH,BICYCLE,AUTO,,21650.1,1,0,,
91084340,"Sun., Oct. 18,2009",07:45,LINCOLN,5,E,19TH,BICYCLE,AUTO,,21650.1,1,0,,
90409503,"Sun., Oct. 18,2009",17:39,MASONIC,0,X,PRESIDIO,BICYCLE,AUTO,,21800A,1,0,,
90061040,"Sun., Oct. 18,2009",13:20,LAKE,164,W,22ND,BICYCLE,AUTO,,22350,1,0,,
90055076,"Mon., Oct. 19,2009",14:07,MARTIN LUTHER KING,35,E,CROSSOVER,BICYCLE,AUTO,,22350,1,0,,
90326634,"Wed., Oct. 21,2009",23:15,8TH,0,X,JOHN F KENNEDY,BICYCLE,AUTO,,22350,1,0,,
90991431,"Wed., Oct. 21,2009",13:59,GOLDEN GATE,30,E,KITTREDGE,BICYCLE,AUTO,,22350,1,0,,
90273803,"Wed., Oct. 21,2009",19:37,7TH,0,X,CABRILLO,BICYCLE,AUTO,,22450,1,0,YES,
91062158,"Thu., Oct. 22,2009",18:14,ANZA,45,E,PARKER,BICYCLE,AUTO,,22450,1,0,,
91193725,"Fri., Oct. 23,2009",23:13,16TH,0,X,CABRILLO,BICYCLE,AUTO,,22450,1,0,,
91309966,"Sat., Oct. 24,2009",12:02,CHAIN OF LAKES,0,X,JOHN F KENNEDY,BICYCLE,AUTO,,22450,1,0,,
90694845,"Sat., Oct. 24,2009",19:45,PARKER,0,X,TURK,BICYCLE,AUTO,,UNK,1,0,,
90318164,"Sun., Oct. 25,2009",17:15,CLEMENT,73,E,26TH,BICYCLE,AUTO,,21750,1,0,,
90984668,"Tue., Oct. 27,2009",18:21,JOHN F KENNEDY,0,,BEACH CHALET SOCCER FIELD DRIVEWAY,BICYCLE,AUTO,,22350,1,0,,
91107497,"Tue., Oct. 27,2009",13:48,14TH,0,X,GEARY,BICYCLE,MOTORCYCLE,,22101.0,1,0,YES,
90214631,"Tue., Oct. 27,2009",21:50,12TH,0,X,ANZA,BICYCLE,TRK/TRK TRAC,,22450,1,0,,
91148623,"Tue., Oct. 27,2009",12:05,STOW LAKE,18000,S,JOHN F KENNEDY,BICYCLE,BICYCLE,PEDESTRIAN,21208A,2,0,,
90417578,"Wed., Oct. 28,2009",19:30,OCEAN,250,W,SAN JOSE,BICYCLE,,,OID,1,0,,
91154474,"Wed., Oct. 28,2009",13:40,OCEAN,445,W,SAN JOSE,BICYCLE,,,UNK,1,0,,
91185590,"Thu., Oct. 29,2009",21:25,ALEMANY,0,X,OCEAN,BICYCLE,AUTO,,21201.0,1,0,,
90705204,"Sat., Oct. 31,2009",11:55,30TH,0,X,SAN JOSE,BICYCLE,AUTO,,21453A,1,0,,
90950186,"Sun., Nov. 01,2009",08:56,HOWTH,0,X,OCEAN,BICYCLE,AUTO,,21453A,1,0,,
90548690,"Tue., Nov. 03,2009",17:02,ALEMANY,0,X,SAN BRUNO,BICYCLE,AUTO,,21650.1,1,0,,
90761416,"Wed., Nov. 04,2009",10:45,30TH,134,W,MISSION,BICYCLE,AUTO,,21650.1,1,0,,
90931396,"Thu., Nov. 05,2009",05:37,GENEVA,105,W,SAN JOSE,BICYCLE,AUTO,,21650.1,1,0,,
91161910,"Sat., Nov. 07,2009",08:25,BOSWORTH,5,W,MISSION,BICYCLE,AUTO,,21650.1,1,0,,
90285080,"Sun., Nov. 08,2009",13:50,JOOST,0,X,MONTEREY,BICYCLE,AUTO,,21663,1,0,,
90728557,"Mon., Nov. 09,2009",17:00,MISSION,0,X,GENEVA,BICYCLE,AUTO,,21703,1,0,,
90369402,"Tue., Nov. 10,2009",16:00,BROOK,0,X,SAN JOSE,BICYCLE,AUTO,,21755,1,0,,
90821929,"Tue., Nov. 10,2009",15:30,GENEVA,0,X,I 280 S ON RAMP,BICYCLE,AUTO,,21755,1,0,,
90825711,"Wed., Nov. 11,2009",16:25,MISSION,60,S,POWERS,BICYCLE,AUTO,,21755,1,0,,
90921109,"Sun., Nov. 15,2009",15:00,MISSION,0,X,VALENCIA,BICYCLE,AUTO,,21801A,1,0,,
90951128,"Sun., Nov. 15,2009",12:19,SAN JOSE,55,S,MISSION,BICYCLE,AUTO,,22350,1,0,,
90999407,"Tue., Nov. 17,2009",17:33,CAYUGA,0,X,GENEVA,BICYCLE,AUTO,,22450,1,0,,
90239720,"Tue., Nov. 17,2009",17:18,HOWTH,0,X,OCEAN,BICYCLE,AUTO,,21453A,1,0,,
90797637,"Thu., Nov. 19,2009",02:16,GENEVA,0,,I 280 S ON RAMP,BICYCLE,AUTO,,21453A,1,0,,
90929238,"Thu., Nov. 19,2009",14:49,SAN JOSE,0,,BOSWORTH,BICYCLE,AUTO,,21658A,1,0,,
91030832,"Sat., Nov. 21,2009",06:45,CORTLAND,0,X,PERALTA,BICYCLE,AUTO,,21800A,1,0,YES,
90433041,"Sat., Nov. 21,2009",17:09,PARIS,0,X,RUSSIA,BICYCLE,AUTO,,21804,1,0,,
90887006,"Sun., Nov. 22,2009",08:56,VIRGINIA,6,W,WINFIELD,BICYCLE,AUTO (PKD),,22350,1,0,,
90578045,"Tue., Nov. 24,2009",08:48,CHURCH,35,N,30TH,BICYCLE,FIXED OBJECT,,OID,1,0,,
91095723,"Wed., Nov. 25,2009",09:43,30TH,32,W,DOLORES,BICYCLE,PEDESTRIAN,,22350,1,0,,
90423337,"Wed., Nov. 25,2009",07:55,PORTOLA,204,S,GLENVIEW,BICYCLE,TRK/TRK TRAC,,21755,1,0,,
91199808,"Wed., Nov. 25,2009",16:42,ALEMANY,126,S,GENEVA,BICYCLE,TRK/TRK TRAC,,OID,1,0,,
91099098,"Thu., Nov. 26,2009",08:40,GREAT HWY,0,X,SKYLINE,BICYCLE,,,22107,1,0,,
90617035,"Sat., Nov. 28,2009",12:15,33RD,6,S,VICENTE,BICYCLE,AUTO,,21202A,1,0,,
90200066,"Sat., Nov. 28,2009",11:25,19TH,0,X,EUCALYPTUS,BICYCLE,AUTO,,21453A,1,0,,
90388866,"Mon., Nov. 30,2009",09:25,SERRANO,111,E,FONT,BICYCLE,AUTO,,21703,1,0,,
91230286,"Tue., Dec. 01,2009",10:55,PORTOLA,0,X,SANTA CLARA,BICYCLE,AUTO,,21703,1,0,,
90413827,"Wed., Dec. 02,2009",19:51,41ST,0,X,LINCOLN,BICYCLE,AUTO,,21803A,1,0,,
90281022,"Thu., Dec. 03,2009",14:45,34TH,18,S,LINCOLN,BICYCLE,AUTO,,21804,1,0,,
90600999,"Fri., Dec. 04,2009",13:35,HARDING,3,E,SKYLINE,BICYCLE,AUTO,,21804,1,0,,
90513740,"Fri., Dec. 04,2009",16:41,MADRONE,0,X,TARAVAL,BICYCLE,AUTO,,22107,1,0,,
90917653,"Sat., Dec. 05,2009",14:00,43RD,0,X,RIVERA,BICYCLE,AUTO,,22450,1,0,,
90582701,"Sun., Dec. 06,2009",14:12,PLYMOUTH,0,X,SAGAMORE,BICYCLE,AUTO,,21755,0,0,,
91283188,"Tue., Dec. 15,2009",06:48,DEWEY,234,E,MONTALVO,BICYCLE,AUTO (PKD),,22350,1,0,,
90851716,"Thu., Dec. 17,2009",10:36,RANDOLPH,15,W,ARCH,BICYCLE,BUS (LRV),,22350,1,0,,
90582347,"Thu., Dec. 17,2009",11:27,LAKE MERCED,610,S,GREAT HWY,BICYCLE,PEDESTRIAN,,22350,2,0,,
90316102,"Thu., Dec. 17,2009",08:21,HARDNG,50,E,SKYLINE,BICYCLE,TRK/TRK TRAC,,21804A,1,0,,
91024578,"Thu., Dec. 17,2009",12:06,LAKE MERCED,0,X,SKYLINE,BICYCLE,TRK/TRK TRAC,,22107,1,0,,
91019626,"Fri., Dec. 18,2009",00:18,EDDY,0,X,HYDE,BICYCLE,AUTO,,21453A,1,0,,
90026317,"Sun., Dec. 20,2009",12:53,GOLDEN GATE,0,X,JONES,BICYCLE,AUTO,,21650.1,1,0,,
91286449,"Tue., Dec. 22,2009",23:53,LEAVENWORTH,52,N,TURK,BICYCLE,AUTO,,21657,1,0,YES,
90499184,"Fri., Dec. 25,2009",19:36,LEAVENWORTH,0,X,MC ALLISTER,BICYCLE,AUTO,,21755,1,0,,
91110058,"Sun., Dec. 27,2009",07:39,ELLIS,6,N,MARKET,BICYCLE,AUTO,,22100A,1,0,,
91285996,"Sun., Dec. 27,2009",21:20,HYDE,0,X,MC ALLISTER,BICYCLE,AUTO,,22107,1,0,,
90225622,"Tue., Dec. 29,2009",02:41,HYDE,0,X,OFARRELL,BICYCLE,AUTO,,21453A,0,0,,
90744014,"Wed., Jul. 22,2009",01:58,PACIFIC,3,W,SANSOME,AUTO,BICYCLE,,21453A,1,0,YES,
91326067,"Wed., Dec. 30,2009",17:54,POWELL,0,X,NORTH POINT,AUTO,BICYCLE,,21453A,1,0,,
90745589,"Wed., Jul. 22,2009",12:53,NORTH POINT,0,X,POWELL,AUTO,BICYCLE,,21453A,1,0,,
90607127,"Sat., Jun. 13,2009",07:40,BROADWAY,0,X,EMBARCADERO,AUTO,BICYCLE,,21658A,1,0,,
90957110,"Wed., Sep. 16,2009",20:24,CALIFORNIA,285,W,TAYLOR,AUTO,BICYCLE,,21703,1,0,,
90606997,"Sat., Jun. 13,2009",07:43,VAN NESS,0,X,BAY,AUTO,BICYCLE,,21801A,1,0,,
90260769,"Thu., Mar. 12,2009",09:20,POST,77,E,POWELL,AUTO,BICYCLE,,22107,1,0,,
91146263,"Fri., Nov. 06,2009",17:18,MASON,0,X,NORTH POINT,AUTO,BICYCLE,,22107,1,0,,
90008387,"Sat., Jan. 03,2009",13:43,DRUMM,0,X,JACKSON,AUTO,BICYCLE,,UNK,1,0,,
91154147,"Mon., Nov. 09,2009",08:38,JONES,0,X,NORTH POINT,AUTO,BICYCLE,,UNK,1,0,,
91177218,"Sun., Nov. 15,2009",15:30,BEACH,0,X,LEAVENWORTH,AUTO,BICYCLE,,21801A,1,0,,
90346369,"Thu., Apr. 02,2009",19:53,EMBARCADERO,14,N,BAY,BUS (OTHER),BICYCLE,,UNK,1,0,,
90806987,"Sat., Aug. 08,2009",15:30,EMBARCADERO,187,W,NORTH POINT,MOTORCYCLE,BICYCLE,,22350,1,0,,
90123888,"Tue., Feb. 03,2009",13:50,COLUMBUS,51,S,BAY,PEDESTRIAN,BICYCLE,,21954A,1,0,,
91046516,"Sat., Oct. 10,2009",11:50,BRYANT,0,X,EMBARCADERO,PEDESTRIAN,BICYCLE,,21966,1,0,,
91054503,"Mon., Oct. 12,2009",16:05,EMBARCADERO,21,S,GRANT,TAXI,BICYCLE,,21658A,1,0,,
91263328,"Thu., Dec. 10,2009",22:08,COLUMBUS,18,N,GREEN,TAXI,BICYCLE,,22517,1,0,,
90337023,"Tue., Mar. 31,2009",13:15,COLUMBUS,0,X,WASHINGTON,TRK/TRK TRAC,BICYCLE,,22101.0,1,0,,
90987844,"Thu., Sep. 24,2009",15:59,NORTH POINT,0,X,STOCKTON,TRK/TRK TRAC,BICYCLE,,22107,1,0,,
90590613,"Mon., Jun. 08,2009",18:28,JEFFERSON,0,X,POWELL,OTHER (HORSE-DRAWN CARRIAGE),BICYCLE,BICYCLE,OTD,1,0,,
90500418,"Thu., May. 14,2009",08:20,MARKET,93,E,SANSOME,AUTO,BICYCLE,,21209A,1,0,,
90729179,"Fri., Jul. 17,2009",20:26,3RD,0,X,HARRISON,AUTO,BICYCLE,,21451A,1,0,,
91088524,"Thu., Oct. 22,2009",08:58,1ST,0,X,MISSION,AUTO,BICYCLE,,21451A,1,0,,
91239028,"Thu., Dec. 03,2009",17:20,2ND,20,S,STEVENSON,AUTO,BICYCLE,,21460A,1,0,,
90552566,"Thu., May. 28,2009",19:40,VALENCIA,33,S,MC COPPIN,AUTO,BICYCLE,,21651A,1,0,,
91181560,"Mon., Nov. 16,2009",19:23,7TH,7,N,TOWNSEND,AUTO,BICYCLE,,21658A,1,0,,
90995938,"Sat., Sep. 26,2009",16:29,MARKET,128,E,GUERRERO,AUTO,BICYCLE,,21717,1,0,,
90015990,"Mon., Jan. 05,2009",17:27,13TH,0,X,HARRISON,AUTO,BICYCLE,,21801A,1,0,,
90113475,"Sat., Jan. 31,2009",16:29,11TH,0,X,HARRISON,AUTO,BICYCLE,,21801A,1,0,,
90824183,"Thu., Aug. 13,2009",08:08,5TH,0,X,TEHAMA,AUTO,BICYCLE,,21801A,1,0,,
91265512,"Fri., Dec. 11,2009",17:15,9TH,0,X,BRANNAN,AUTO,BICYCLE,,21801A,1,0,,
90899669,"Tue., Sep. 01,2009",14:03,3RD,18,S,MINNA,AUTO,BICYCLE,,22100A,1,0,YES,
90984486,"Wed., Sep. 23,2009",17:50,EMBARCADERO,0,X,FOLSOM,AUTO,BICYCLE,,22100A,1,0,,
90392663,"Wed., Apr. 15,2009",08:30,MARKET,0,X,OCTAVIA,AUTO,BICYCLE,,22101.0,1,0,YES,
90912114,"Fri., Sep. 04,2009",21:31,8TH,0,X,MISSION,AUTO,BICYCLE,,22101.0,1,0,,
91241584,"Fri., Dec. 04,2009",14:00,MARKET,171,W,5TH ST NORTH,AUTO,BICYCLE,,22102,1,0,,
90960163,"Thu., Sep. 17,2009",16:15,4TH,0,X,KING,AUTO,BICYCLE,,22106,1,0,,
90794928,"Wed., Aug. 05,2009",13:44,MARKET,0,X,VALENCIA,AUTO,BICYCLE,,22107,1,0,YES,
90438079,"Mon., Apr. 27,2009",08:25,MARKET,0,X,OCTAVIA,AUTO,BICYCLE,,22107,1,0,,
90812542,"Mon., Aug. 10,2009",08:24,MARKET,3,E,VALENCIA,AUTO,BICYCLE,,22107,1,0,,
90840400,"Mon., Aug. 17,2009",18:13,3RD,0,X,BRANNAN,AUTO,BICYCLE,,22107,1,0,,
91072210,"Sat., Oct. 17,2009",14:35,5TH,33,N,CLEMENTINA,AUTO,BICYCLE,,22350,1,0,YES,
90257534,"Wed., Mar. 11,2009",14:15,MARKET,90,W,5TH,AUTO,BICYCLE,,22517,1,0,YES,
91036777,"Wed., Jan. 07,2009",15:27,3RD,19,S,TABER,AUTO,BICYCLE,,22517,1,0,,
90423371,"Thu., Apr. 23,2009",08:30,MARKET,45,W,ELLIS,AUTO,BICYCLE,,22517,1,0,,
90514384,"Sun., May. 17,2009",18:50,MC COPPIN,30,N,JESSIE,AUTO,BICYCLE,,22517,1,0,,
90746731,"Wed., Jul. 22,2009",16:48,MARKET,112,W,NEW MONTGOMERY,AUTO,BICYCLE,,22517,1,0,,
90898439,"Tue., Sep. 01,2009",08:50,MARKET,190,E,11TH,AUTO,BICYCLE,,22517,1,0,,
90952609,"Tue., Sep. 15,2009",17:43,BRANNAN,300,E,4TH,AUTO,BICYCLE,,22517,1,0,,
90767442,"Tue., Jul. 28,2009",19:38,MARKET,95,W,7TH,AUTO,BICYCLE,,OTD,1,0,,
90810160,"Sun., Aug. 09,2009",13:40,MARKET,216,W,5TH,AUTO,BICYCLE,,OTD,1,0,,
91117399,"Fri., Oct. 30,2009",03:25,HYDE,50,N,TURK,AUTO,BICYCLE,,UNK,1,0,YES,
90694453,"Wed., Jul. 08,2009",14:17,11TH,0,X,MISSION,AUTO,BICYCLE,,UNK,1,0,,
90790001,"Tue., Aug. 04,2009",09:20,8TH,25,S,STEVENSON,AUTO,BICYCLE,,UNK,1,0,,
90410613,"Mon., Apr. 20,2009",01:03,HOWARD,6,E,8TH,AUTO,BICYCLE,,22107,0,0,YES,
90015928,"Mon., Jan. 05,2009",17:00,6TH,0,X,JESSIE,AUTO,BICYCLE,,22107,0,0,,
90416984,"Tue., Apr. 21,2009",16:27,8TH,250,N,BRYANT,AUTO,BICYCLE,,22107,0,0,,
90595453,"Wed., Jun. 10,2009",00:15,5TH,0,X,HARRISON,AUTO,BICYCLE,,21460A,1,0,,
90514196,"Sun., May. 17,2009",18:32,MARKET,90,W,6TH,AUTO,BICYCLE,,21658A,1,0,YES,
90933853,"Thu., Sep. 10,2009",17:44,HOWARD,20,W,4TH,AUTO,BICYCLE,,22107,1,0,,
90903765,"Wed., Sep. 02,2009",15:35,13TH,25,N,HARRISON,AUTO,BICYCLE,,NS,1,0,,
90527105,"Thu., May. 21,2009",10:48,MISSION,80,W,LAFAYETTE,AUTO (PKD),BICYCLE,,22517,1,0,,
90238277,"Fri., Mar. 06,2009",10:45,3RD,0,X,MARKET,BUS (OTHER),BICYCLE,,22107,1,0,,
91254888,"Tue., Dec. 08,2009",12:10,TOWNSEND,163,W,5TH,MOTORCYCLE,BICYCLE,,22107,1,0,,
91257644,"Wed., Dec. 09,2009",09:55,MARKET,60,E,3RD,PEDESTRIAN,BICYCLE,,21955,2,0,,
91268061,"Sat., Dec. 12,2009",14:20,MARKET,80,E,NEW MONTGOMERY,PEDESTRIAN,BICYCLE,,21451A,1,0,,
90144389,"Mon., Feb. 09,2009",10:07,MARKET,21,W,STOCKTON,PEDESTRIAN,BICYCLE,,21954A,1,0,,
90028896,"Fri., Jan. 09,2009",09:35,FOLSOM,15,E,DORE,PEDESTRIAN,BICYCLE,,21954A,1,0,,
90266046,"Fri., Mar. 13,2009",14:25,MARKET,5,W,3RD,PEDESTRIAN,BICYCLE,,21950B,1,0,,
90759831,"Sun., Jul. 26,2009",19:00,3RD,0,X,MINNA,TAXI,BICYCLE,,21658A,1,0,,
91054412,"Mon., Oct. 12,2009",15:09,MISSION,50,E,1ST,TAXI,BICYCLE,,21801A,1,0,,
90412023,"Mon., Apr. 20,2009",12:35,MARKET,456,E,5TH,TAXI,BICYCLE,,22517,1,0,YES,
90401292,"Fri., Apr. 17,2009",13:45,MARKET,64,W,8TH,TAXI,BICYCLE,,22517,1,0,,
90124789,"Tue., Feb. 03,2009",17:22,4TH,120,N,TOWNSEND,TAXI,BICYCLE,,OTD,0,0,,
90616350,"Tue., Jun. 16,2009",08:08,MARKET,303,E,3RD,TAXI,BICYCLE,,22107,1,0,,
90988541,"Thu., Sep. 24,2009",18:57,TOWNSEND,0,W,3RD,TAXI,BICYCLE,,OTD,1,0,,
91036062,"Wed., Oct. 07,2009",13:24,MARKET,0,X,TURK,TRK/TRK TRAC,BICYCLE,,21750,1,0,,
90449559,"Thu., Apr. 30,2009",09:10,MARKET,0,X,OCTAVIA,TRK/TRK TRAC,BICYCLE,,22101.0,1,0,,
90104941,"Thu., Jan. 29,2009",11:10,MARKET,122,E,NEW MONTGOMERY,TRK/TRK TRAC,BICYCLE,,22106,1,0,,
90420424,"Wed., Apr. 22,2009",12:07,BRANNAN,178,W,4TH,TRK/TRK TRAC,BICYCLE,,22107,1,0,,
91129714,"Mon., Nov. 02,2009",12:30,SAN JOSE,28,S,KINGSTON,TRK/TRK TRAC,BICYCLE,AUTO (PKD),21658A,1,0,,
90526715,"Thu., May. 21,2009",08:00,MARIPOSA,56,W,TENNESSE,AUTO,BICYCLE,,22106,1,0,,
90211972,"Fri., Feb. 27,2009",09:38,DE HARO,78,S,16TH,AUTO,BICYCLE,,22107,1,0,,
91238826,"Thu., Dec. 03,2009",16:10,16TH,55,W,OWENS,AUTO,BICYCLE,,22107,1,0,,
91284722,"Thu., Dec. 17,2009",15:01,FELTON,9,W,BOWDOIN,AUTO,BICYCLE,,22350,1,0,YES,
91037430,"Wed., Oct. 07,2009",18:17,ILLINOIS,55,N,18TH,AUTO,BICYCLE,,22517,1,0,,
91202780,"Sun., Nov. 22,2009",15:30,BAYSHORE,0,X,THORNTON,MOTORCYCLE,BICYCLE,,22107,1,0,YES,
90136085,"Fri., Feb. 06,2009",17:36,3RD,50,S,QUESADA,PEDESTRIAN,BICYCLE,,21956A,1,0,,
90377405,"Sat., Apr. 11,2009",01:07,JERROLD,510,E,NAPOLEON,TAXI,BICYCLE,,22517,1,0,,
90317627,"Thu., Mar. 26,2009",15:17,23RD,45,E,MISSION,AUTO,BICYCLE,,22517,2,0,,
90039019,"Mon., Jan. 12,2009",09:00,POTRERO,290,S,20TH,AUTO,BICYCLE,,21209A,1,0,YES,
90441981,"Tue., Apr. 28,2009",10:20,24TH,25,E,MISSION,AUTO,BICYCLE,,21453A,1,0,,
90551615,"Thu., May. 28,2009",15:10,23RD,71,E,BRYANT,AUTO,BICYCLE,,21657,1,0,,
90685521,"Sun., Jul. 05,2009",23:09,MISSION,76,S,DUBOCE,AUTO,BICYCLE,,21658A,1,0,YES,
90349125,"Fri., Apr. 03,2009",14:55,20TH,0,X,SOUTH VAN NESS,AUTO,BICYCLE,,21703,1,0,,
91303689,"Wed., Dec. 23,2009",09:16,MARKET,102,E,15TH,AUTO,BICYCLE,,21717,1,0,,
90311481,"Wed., Mar. 25,2009",02:14,MISSION,90,N,22ND,AUTO,BICYCLE,,21750,1,0,YES,
90725741,"Thu., Jul. 16,2009",20:25,24TH,24,E,CAPP,AUTO,BICYCLE,,21750,1,0,YES,
90078562,"Thu., Jan. 22,2009",07:30,16TH,0,X,SOUTH VAN NESS,AUTO,BICYCLE,,21801A,1,0,,
90413918,"Mon., Apr. 20,2009",21:25,21ST,0,X,VALENCIA,AUTO,BICYCLE,,21801A,1,0,,
90515473,"Mon., May. 18,2009",07:18,17TH,0,X,VALENCIA,AUTO,BICYCLE,,21801A,1,0,,
90519425,"Tue., May. 19,2009",07:53,17TH,0,X,SOUTH VAN NESS,AUTO,BICYCLE,,21801A,1,0,,
90555673,"Fri., May. 29,2009",18:20,21ST,47,W,SOUTH VAN NESS,AUTO,BICYCLE,,21801A,1,0,,
90610534,"Sun., Jun. 14,2009",12:25,16TH,0,X,POTRERO,AUTO,BICYCLE,,21801A,1,0,,
91173119,"Sat., Nov. 14,2009",09:59,VALENCIA,13,S,BROSNAN,AUTO,BICYCLE,,21801A,1,0,,
90618908,"Tue., Jun. 16,2009",21:17,VALENCIA,198,N,20TH,AUTO,BICYCLE,,21804,1,0,,
90412051,"Mon., Apr. 20,2009",12:49,18TH,80,E,DOLORES,AUTO,BICYCLE,,22102,1,0,,
91033278,"Tue., Oct. 06,2009",17:09,CHATTANOOGA,103,N,23RD,AUTO,BICYCLE,,22106,1,0,,
90679461,"Sat., Jul. 04,2009",02:05,22ND,0,X,VALENCIA,AUTO,BICYCLE,,22107,1,0,YES,
90288169,"Thu., Mar. 19,2009",08:11,16TH,82,W,GUERRERO,AUTO,BICYCLE,,22107,1,0,,
90334568,"Tue., Mar. 31,2009",00:46,VALENCIA,0,X,ROSA PARKS,AUTO,BICYCLE,,22107,1,0,,
90699403,"Thu., Jul. 09,2009",22:00,16TH,0,X,HOFF,AUTO,BICYCLE,,22107,1,0,,
91036993,"Wed., Oct. 07,2009",16:42,16TH,0,X,SANCHEZ,AUTO,BICYCLE,,22107,1,0,,
91148667,"Sat., Nov. 07,2009",12:47,16TH,25,E,HOFF,AUTO,BICYCLE,,22107,1,0,,
91152840,"Sun., Nov. 08,2009",18:36,MISSION,60,S,21ST,AUTO,BICYCLE,,22107,1,0,,
91152367,"Sun., Nov. 08,2009",15:36,MISSION,146,S,15TH,AUTO,BICYCLE,,22107,1,0,,
91238791,"Thu., Dec. 03,2009",16:17,MARKET,120,E,15TH,AUTO,BICYCLE,,22107,1,0,,
90736782,"Mon., Jul. 20,2009",08:11,16TH,46,W,SOUTH VAN NESS,AUTO,BICYCLE,,22350,1,0,,
91012589,"Thu., Oct. 01,2009",09:33,14TH,0,X,HARRISON,AUTO,BICYCLE,,22350,1,0,,
91109578,"Wed., Oct. 28,2009",00:14,17TH,0,X,HARRISON,AUTO,BICYCLE,,22450,1,0,,
90009175,"Sat., Jan. 03,2009",18:02,CHURCH,138,S,MARKET,AUTO,BICYCLE,,22517,1,0,YES,
90101840,"Wed., Jan. 28,2009",13:00,21ST,40,W,LEXINGTON,AUTO,BICYCLE,,22517,1,0,,
90655950,"Sat., Jun. 27,2009",14:43,VALENCIA,193,S,17TH,AUTO,BICYCLE,,22517,1,0,,
90947785,"Mon., Sep. 14,2009",15:20,22ND,178,E,GUERRERO,AUTO,BICYCLE,,22517,1,0,,
91061144,"Wed., Oct. 14,2009",13:02,18TH,0,X,GUERRERO,AUTO,BICYCLE,,22107,0,0,,
90670908,"Wed., Jul. 01,2009",17:20,24TH,0,X,CHURCH,AUTO,BICYCLE,,21450A,1,0,,
90343321,"Thu., Apr. 02,2009",07:30,16TH,0,X,DOLORES,AUTO,BICYCLE,,21803A,1,0,YES,
90808604,"Sun., Aug. 09,2009",00:45,16TH,68,E,ALBION,AUTO,BICYCLE,,22106,1,0,,
90105494,"Thu., Jan. 29,2009",13:26,VALENCIA,125,N,15TH,AUTO,BICYCLE,,22517,1,0,,
91165730,"Thu., Nov. 12,2009",09:57,VALENCIA,227,S,16TH,AUTO,BICYCLE,,22517,1,0,,
90925242,"Tue., Sep. 08,2009",15:52,24TH,0,X,POTRERO,AUTO,BICYCLE,,NS,1,0,,
91239078,"Thu., Dec. 03,2009",17:41,14TH,0,X,CHURCH,AUTO,BICYCLE,,NS,1,0,,
90031350,"Fri., Jan. 09,2009",20:20,16TH,31,W,VALENCIA,AUTO (PKD),BICYCLE,,22517,1,0,,
91106041,"Tue., Oct. 27,2009",08:17,16TH,177,E,DOLORES,AUTO (PKD),BICYCLE,,22517,1,0,,
91061360,"Wed., Oct. 14,2009",14:33,18TH,34,E,VALENCIA,TRK TRAC W/TRL,BICYCLE,,22517,1,0,,
90111457,"Sat., Jan. 31,2009",01:24,16TH,0,X,BRYANT,TRK/TRK TRAC,BICYCLE,,21451A,1,0,,
90999902,"Sun., Sep. 27,2009",21:18,SANCHEZ,29,S,MARKET,TRK/TRK TRAC,BICYCLE,,22106,1,0,,
91042978,"Fri., Oct. 09,2009",12:49,14TH,0,X,VALENCIA,TRK/TRK TRAC,BICYCLE,,22107,1,0,,
91184990,"Tue., Nov. 17,2009",18:00,20TH,0,X,FOLSOM,TRK/TRK TRAC,BICYCLE,,22350,1,0,,
90042670,"Tue., Jan. 13,2009",07:39,VALENCIA,127,S,16TH,TRK/TRK TRAC,BICYCLE,,22517,1,0,,
90119906,"Mon., Feb. 02,2009",13:37,VALENCIA,115,N,15TH,PEDESTRIAN,BICYCLE,AUTO,21954A,1,0,,
90829876,"Fri., Aug. 14,2009",17:40,24TH,0,X,CYPRESS,AUTO,BICYCLE,AUTO (PKD),22107,1,0,,
90908492,"Thu., Sep. 03,2009",21:33,GEARY,0,X,POLK,AUTO,BICYCLE,,21453A,1,0,,
90891530,"Sun., Aug. 30,2009",14:50,FULTON,0,X,WEBSTER,AUTO,BICYCLE,,21801A,1,0,YES,
90031366,"Fri., Jan. 09,2009",17:45,IVY,0,X,OCTAVIA,AUTO,BICYCLE,,21801A,1,0,,
90188945,"Wed., Feb. 18,2009",17:45,POLK,185,N,TURK,AUTO,BICYCLE,,21801A,1,0,,
90841820,"Mon., Aug. 17,2009",21:48,PAGE,0,X,WEBSTER,AUTO,BICYCLE,,21801A,1,0,,
91056305,"Tue., Oct. 13,2009",07:05,BROADWAY,0,X,POLK,AUTO,BICYCLE,,21801A,1,0,,
90051148,"Thu., Jan. 15,2009",00:38,MYRTLE,0,X,POLK,AUTO,BICYCLE,,21802A,1,0,,
90872756,"Tue., Aug. 25,2009",16:50,LAGUNA,0,X,TURK,AUTO,BICYCLE,,21804A,1,0,,
90904763,"Wed., Sep. 02,2009",20:35,TURK,20,E,POLK,AUTO,BICYCLE,,22107,1,0,YES,
90649680,"Thu., Jun. 25,2009",19:30,PAGE,198,E,OCTAVIA,AUTO,BICYCLE,,22107,1,0,,
90669901,"Wed., Jul. 01,2009",13:38,POLK,54,S,HAYES,AUTO,BICYCLE,,22107,1,0,,
90957154,"Wed., Sep. 16,2009",20:42,GEARY,0,X,POLK,AUTO,BICYCLE,,22107,1,0,,
91205358,"Mon., Nov. 23,2009",08:30,VAN NESS,0,X,CHESTNUT,AUTO,BICYCLE,,22107,1,0,,
91222647,"Sun., Nov. 29,2009",01:02,MARKET,18,E,LAGUNA,AUTO,BICYCLE,,22350,1,0,YES,
90575916,"Thu., Jun. 04,2009",15:40,EDDY,0,X,STEINER,AUTO,BICYCLE,,22450,1,0,,
90647991,"Thu., Jun. 25,2009",09:20,POLK,103,S,VALLEJO,AUTO,BICYCLE,,22517,1,0,,
90724414,"Thu., Jul. 16,2009",13:40,CHESTNUT,178,E,FILLMORE,AUTO,BICYCLE,,22517,1,0,,
90761814,"Mon., Jul. 27,2009",12:08,MC ALLISTER,222,W,FILLMORE,AUTO,BICYCLE,,22517,1,0,,
91021154,"Sat., Oct. 03,2009",13:15,GOLDEN GATE,276,E,LAGUNA,AUTO,BICYCLE,,22517,1,0,,
90512617,"Sun., May. 17,2009",10:55,VAN NESS,0,X,CHESTNUT,AUTO,BICYCLE,,UNK,1,0,,
91291971,"Sat., Dec. 19,2009",16:40,GEARY,0,X,POLK,AUTO,BICYCLE,,21801A,1,0,,
91012448,"Thu., Oct. 01,2009",08:45,FILLMORE,0,X,FULTON,AUTO,BICYCLE,,22100A,1,0,,
90620480,"Wed., Jun. 17,2009",11:44,CARLTON B GOODLETT,206,S,MC ALLISTER,AUTO,BICYCLE,,22517,1,0,,
90030631,"Fri., Jan. 09,2009",17:16,MC ALLISTER,100,E,OCTAVIA,AUTO (PKD),BICYCLE,,22517,1,0,,
91321233,"Tue., Dec. 29,2009",11:15,CALIFORNIA,25,E,FILLMORE,AUTO (PKD),BICYCLE,,22517,1,0,,
90117308,"Sun., Feb. 01,2009",20:55,HAIGHT,0,X,PIERCE,BICYCLE,BICYCLE,,21802A,2,0,,
90662698,"Mon., Jun. 29,2009",14:33,STEINER,21,S,WALLER,BICYCLE,BICYCLE,,22450,2,0,,
90995483,"Sat., Sep. 26,2009",14:05,GEARY,215,W,LARKIN,PEDESTRIAN,BICYCLE,,21955,2,0,,
90338645,"Wed., Apr. 01,2009",00:05,GEARY,0,X,POLK,PEDESTRIAN,BICYCLE,,21950B,1,0,,
90766494,"Tue., Jul. 28,2009",15:35,MARKET,0,X,OCTAVIA,TAXI,BICYCLE,,22107,1,0,,
91059791,"Wed., Oct. 14,2009",08:00,POLK,120,N,GEARY,TAXI,BICYCLE,,22107,1,0,,
91303021,"Wed., Dec. 23,2009",00:30,PINE,0,X,POLK,TAXI,BICYCLE,,22107,1,0,,
91169152,"Fri., Nov. 13,2009",07:49,POLK,0,X,TURK,TRK/TRK TRAC,BICYCLE,,21801A,1,0,,
90866072,"Sun., Aug. 23,2009",23:05,POLK,75,N,OFARRELL,TRK/TRK TRAC,BICYCLE,,22107,1,0,,
91187897,"Wed., Nov. 18,2009",14:09,POLK,43,S,WILLOW,TRK/TRK TRAC,BICYCLE,,22107,1,0,,
90465066,"Mon., May. 04,2009",13:30,GEARY,0,X,HYDE,TRK/TRK TRAC,BICYCLE,,22350,1,0,YES,
90211740,"Fri., Feb. 27,2009",09:40,POST,69,W,GOUGH,AUTO,BICYCLE,AUTO (PKD),22107,1,0,,
90642662,"Tue., Jun. 23,2009",18:08,FELL,0,X,MASONIC,AUTO,BICYCLE,,21453A,1,0,,
90914687,"Sat., Sep. 05,2009",16:33,MASONIC,26,S,FELL,AUTO,BICYCLE,,21453A,1,0,,
90668555,"Wed., Jul. 01,2009",08:00,FELL,0,X,MASONIC,AUTO,BICYCLE,,21453C,1,0,,
90711972,"Mon., Jul. 13,2009",12:53,ARGUELLO,0,X,CARL,AUTO,BICYCLE,,21460A,1,0,,
90170271,"Mon., Feb. 16,2009",13:42,TWIN PEAKS,1009,N,CHRISTMAS TREE PT,AUTO,BICYCLE,,21650,1,0,,
91249237,"Sun., Dec. 06,2009",18:04,OAK,0,X,STANYAN,AUTO,BICYCLE,,21750,1,0,,
90057895,"Fri., Jan. 16,2009",17:48,FULTON,107,E,BRODERICK,AUTO,BICYCLE,,21801A,1,0,YES,
90253106,"Tue., Mar. 10,2009",11:37,ARGUELLO,0,X,FULTON,AUTO,BICYCLE,,21801A,1,0,,
90061501,"Sat., Jan. 17,2009",15:53,MASONIC,16,S,FELL,AUTO,BICYCLE,,22106,1,0,,
90955039,"Wed., Sep. 16,2009",11:33,JOHN F KENNEDY,108,W,KEZAR,AUTO,BICYCLE,,22106,1,0,,
90132431,"Thu., Feb. 05,2009",19:30,FELL,132,E,BRODERICK,AUTO,BICYCLE,,22107,1,0,,
91028928,"Mon., Oct. 05,2009",16:01,BAKER,0,X,HAYES,AUTO,BICYCLE,,22107,1,0,,
90833178,"Sat., Aug. 15,2009",14:24,CARL,63,E,STANYAN,AUTO,BICYCLE,,22517,1,0,,
90181814,"Thu., Feb. 19,2009",13:50,STANYAN,30,S,HAIGHT,AUTO,BICYCLE,,22350,1,0,,
90544325,"Tue., May. 26,2009",16:45,DIVISADERO,82,N,GROVE,AUTO,BICYCLE,,22517,1,0,,
90719738,"Wed., Jul. 15,2009",10:48,HAIGHT,48,E,BELVEDERE,AUTO (PKD),BICYCLE,,OTD,1,0,,
90055805,"Fri., Jan. 16,2009",09:55,MASONIC,14,S,FELL,BICYCLE,BICYCLE,,22350,2,0,,
90728977,"Fri., Jul. 17,2009",18:59,GOLDEN GATE,85,E,DIVISADERO,BICYCLE,BICYCLE,,22350,2,0,,
90392271,"Wed., Apr. 15,2009",01:48,FELL,3,E,PIERCE,PEDESTRIAN,BICYCLE,,21954A,1,0,,
90900749,"Tue., Sep. 01,2009",18:25,DIVISADERO,42,N,HAYES,TAXI,BICYCLE,,22517,1,0,,
90514588,"Sun., May. 17,2009",20:50,ARGUELLO,0,X,FULTON,TRK/TRK TRAC,BICYCLE,,21751,1,0,YES,
91042235,"Fri., Oct. 09,2009",09:02,HAIGHT,107,W,CLAYTON,TRK TRAC W/TRL,BICYCLE,TRK TRAC W/TRL,22517,1,0,,
90058752,"Fri., Jan. 16,2009",21:15,25TH,0,X,CALIFORNIA,AUTO,BICYCLE,,21453A,1,0,,
91059876,"Wed., Oct. 14,2009",08:55,GEARY,39,E,4TH,AUTO,BICYCLE,,21658A,1,0,,
90296805,"Sat., Mar. 21,2009",10:10,8TH,0,X,GEARY,AUTO,BICYCLE,,21800A,1,0,,
90146501,"Mon., Feb. 09,2009",18:34,PRESIDIO,0,X,SACRAMENTO,AUTO,BICYCLE,,21801A,1,0,,
90696120,"Wed., Jul. 08,2009",23:19,MARTIN LUTHER KING,56,N,LINCOLN,AUTO,BICYCLE,,21801A,1,0,,
90809254,"Sun., Aug. 09,2009",07:45,ARGUELLO,0,X,MC ALLISTER,AUTO,BICYCLE,,21801A,1,0,,
90812285,"Mon., Aug. 10,2009",07:40,30TH,0,X,JOHN F KENNEDY,AUTO,BICYCLE,,21801A,1,0,,
91180619,"Mon., Nov. 16,2009",15:06,ARGUELLO,0,X,MC ALLISTER,AUTO,BICYCLE,,21801A,1,0,,
90582030,"Sat., Jun. 06,2009",09:25,ARGUELLO,102,N,FULTON,AUTO,BICYCLE,,22103,1,0,,
90546882,"Wed., May. 27,2009",10:50,35TH,250,S,GEARY,AUTO,BICYCLE,,22106,1,0,,
90703032,"Fri., Jul. 10,2009",18:56,BALBOA,120,W,37TH,AUTO,BICYCLE,,22107,1,0,,
91243182,"Fri., Dec. 04,2009",21:40,PARKER,0,X,TURK,AUTO,BICYCLE,,22107,1,0,,
90211461,"Fri., Feb. 27,2009",08:30,ARGUELLO,186,N,GEARY,AUTO,BICYCLE,,22517,1,0,,
90691744,"Tue., Jul. 07,2009",17:30,GEARY,50,W,38TH,AUTO,BICYCLE,,22517,1,0,,
91162792,"Wed., Nov. 11,2009",12:30,STOW LAKE,350,N,MARTIN LUTHER KING,AUTO,BICYCLE,,22517,1,0,,
91176016,"Sat., Nov. 14,2009",16:05,6TH,20,N,BALBOA,AUTO,BICYCLE,,OTD,1,0,,
90420496,"Wed., Apr. 22,2009",12:55,PARK PRESIDIO,0,X,LAKE,AUTO,BICYCLE,,UNK,1,0,,
90155916,"Thu., Feb. 12,2009",09:37,BRODERICK,0,X,SUTTER,AUTO,BICYCLE,,UNK,1,0,,
90064840,"Sun., Jan. 18,2009",15:55,MARTIN LUTHER KING,36,W,TRANSVERSE,AUTO,BICYCLE,,21802A,1,0,,
90886951,"Sat., Aug. 29,2009",08:50,SACRAMENTO,130,E,BAKER,AUTO,BICYCLE,,22517,1,0,,
90045840,"Tue., Jan. 13,2009",18:03,19TH,0,X,CALIFORNIA,AUTO,BICYCLE,,NS,1,0,,
91266435,"Fri., Dec. 11,2009",22:49,11TH,0,X,CABRILLO,TAXI,BICYCLE,,21802A,1,0,,
90845474,"Tue., Aug. 18,2009",18:46,POINT LOBOS,1076,N,BALBOA,TAXI,BICYCLE,,22105,1,0,,
90392629,"Wed., Apr. 15,2009",08:00,POST,130,W,BAKER,TRK/TRK TRAC,BICYCLE,,21658A,1,0,,
91132563,"Tue., Nov. 03,2009",07:40,GOLDEN GATE,20,E,TAMALPAIS,TRK/TRK TRAC,BICYCLE,,22107,1,0,,
90964610,"Fri., Sep. 18,2009",15:40,JACKSON,137,W,MAPLE,TRK/TRK TRAC,BICYCLE,,22517,1,0,,
90685446,"Sun., Jul. 05,2009",22:30,CLEMENT,125,E,8TH,TRK/TRK TRAC,BICYCLE,,22107,1,0,YES,
90667814,"Tue., Jun. 30,2009",21:44,5TH,0,X,LAKE,AUTO,BICYCLE,AUTO (PKD),21658A,1,0,,
91198593,"Sat., Nov. 21,2009",11:08,ALEMANY,0,X,SENECA,AUTO,BICYCLE,,21453A,1,0,,
90832700,"Sat., Aug. 15,2009",12:00,MISSION,12,N,CONCORD,AUTO,BICYCLE,,218011,1,0,,
91129827,"Mon., Nov. 02,2009",12:46,ALEMANY,0,X,ROUSSEAU,AUTO,BICYCLE,,22107,1,0,,
91283194,"Thu., Dec. 17,2009",06:45,MT VERNON,10,W,MISSION,AUTO,BICYCLE,,22107,1,0,,
90695138,"Wed., Jul. 08,2009",16:26,BADEN,0,X,HEARST,AUTO,BICYCLE,,22450,1,0,YES,
90968333,"Sat., Sep. 19,2009",15:39,30TH,0,X,SAN JOSE,AUTO,BICYCLE,,22107,0,0,YES,
91054519,"Mon., Oct. 12,2009",16:00,HAHN,0,X,SUNNYDALE,AUTO,BICYCLE,,22350,0,0,YES,
90141147,"Sun., Feb. 08,2009",11:10,HARRINGTON,3,W,MISSION,AUTO,BICYCLE,,21804,1,0,,
91097042,"Sat., Oct. 24,2009",16:40,BOSWORTH,0,X,I 280 S ON RAMP,AUTO,BICYCLE,,21801A,0,0,YES,
91242708,"Fri., Dec. 04,2009",19:13,CORTLAND,105,E,COLERIDGE,PEDESTRIAN,BICYCLE,,21954A,2,0,YES,
90149414,"Tue., Feb. 10,2009",14:28,VALENCIA,201,S,DUNCAN,TRK/TRK TRAC,BICYCLE,,21651,1,0,,
90088470,"Sat., Jan. 24,2009",21:11,MISSION,0,X,CORTLAND,TRK/TRK TRAC,BICYCLE,,21801A,1,0,,
90182787,"Thu., Feb. 19,2009",17:45,OCEAN,0,X,SANTA YNEZ,TRK/TRK TRAC,BICYCLE,,22107,1,0,,
90714073,"Mon., Jul. 13,2009",21:43,WARD,20,W,BRUSSELS,TRK/TRK TRAC,BICYCLE,,22106,0,0,,
90392776,"Wed., Apr. 15,2009",08:55,MISSION,151,S,ARMY,AUTO,BICYCLE,AUTO,22517,1,0,,
90894045,"Mon., Aug. 31,2009",07:35,ALEMANY,120,N,SILVER,AUTO,BICYCLE,AUTO (PKD),22350,2,0,,
90174944,"Thu., Feb. 12,2009",17:50,19TH,0,X,OCEAN,AUTO,BICYCLE,,21658A,1,0,YES,
91164124,"Wed., Nov. 11,2009",18:34,43RD,57,S,KIRKHAM,AUTO,BICYCLE,,21801A,1,0,,
90374304,"Fri., Apr. 10,2009",08:08,17TH,0,X,KIRKHAM,AUTO,BICYCLE,,21802A,1,0,,
90642894,"Tue., Jun. 23,2009",19:02,37TH,2,N,SLOAT,AUTO,BICYCLE,,21802A,1,0,,
91006673,"Tue., Sep. 29,2009",16:50,CONSTANSO,0,X,SLOAT,AUTO,BICYCLE,,21802A,1,0,,
91069386,"Fri., Oct. 16,2009",18:39,33RD,0,X,TARAVAL,AUTO,BICYCLE,,21802B,1,0,,
91184605,"Tue., Nov. 17,2009",16:25,CUTLER,0,X,GREAT HWY,AUTO,BICYCLE,,21803A,1,0,,
90419314,"Wed., Apr. 22,2009",09:05,LINCOLN,0,X,MARTIN LUTHER KING,AUTO,BICYCLE,,22100B,1,0,,
90320460,"Fri., Mar. 27,2009",10:59,JUDAH,156,E,8TH,AUTO,BICYCLE,,22102,1,0,,
90952615,"Tue., Sep. 15,2009",17:45,19TH,2,N,NORIEGA,AUTO,BICYCLE,,22107,1,0,YES,
91113961,"Thu., Oct. 29,2009",08:10,19TH,0,X,WINSTON,AUTO,BICYCLE,,22107,1,0,,
90347743,"Fri., Apr. 03,2009",09:35,SLOAT,35,E,MEADOWBROOK,AUTO,BICYCLE,,22107,1,0,,
90374661,"Fri., Apr. 10,2009",09:13,HOLLOWAY,150,W,ARELLANO,AUTO,BICYCLE,,22107,1,0,,
90614229,"Mon., Jun. 15,2009",14:04,KIRKHAM,0,X,SUNSET,AUTO,BICYCLE,,22107,1,0,,
90659009,"Sun., Jun. 28,2009",14:50,IRVING,107,W,FUNSTON,AUTO,BICYCLE,,22107,1,0,,
90943517,"Sun., Sep. 13,2009",12:58,9TH,21,S,LINCOLN,AUTO,BICYCLE,,22107,1,0,,
90958431,"Thu., Sep. 17,2009",08:16,12TH,0,X,IRVING,AUTO,BICYCLE,,22107,1,0,,
91257569,"Wed., Dec. 09,2009",09:17,FONT,0,X,TAPIA,AUTO,BICYCLE,,22107,1,0,,
90061498,"Sat., Jan. 17,2009",14:15,OCEAN,0,X,WANDA,AUTO,BICYCLE,,22517,1,0,,
91029136,"Mon., Oct. 05,2009",16:56,GREAT HWY,238,S,LAWTON,AUTO,BICYCLE,,22517,1,0,,
90352435,"Sat., Apr. 04,2009",12:42,GREAT HWY,272,N,MORAGA,AUTO,BICYCLE,,21703,0,0,,
90845399,"Tue., Aug. 18,2009",18:15,KEZAR,0,,JOHN F KENNEDY,AUTO,BICYCLE,,22107,1,0,,
90784822,"Sun., Aug. 02,2009",18:37,12TH,0,X,JUDAH,AUTO,BICYCLE,,NS,1,0,YES,
90656328,"Sat., Jun. 27,2009",16:55,LAKE MERCED,0,X,SKYLINE,BICYCLE,BICYCLE,,UNK,2,0,,
90345139,"Thu., Apr. 02,2009",13:43,OCEAN,75,E,LEE,PEDESTRIAN,BICYCLE,,21954A,1,0,,
90802678,"Fri., Aug. 07,2009",12:25,IRVING,145,W,11TH,TRK/TRK TRAC,BICYCLE,,22517,1,0,,
90248549,"Mon., Mar. 09,2009",10:40,HYDE,108,S,UN PLAZA,AUTO,BICYCLE,,21750,1,0,YES,
90838946,"Mon., Aug. 17,2009",09:02,EDDY,42,E,MASON,AUTO,BICYCLE,,21750,1,0,YES,
90992354,"Fri., Sep. 25,2009",17:33,TURK,24,E,DODGE,AUTO,BICYCLE,,21750,1,0,,
90450653,"Thu., Apr. 30,2009",13:12,HYDE,0,X,MC ALLISTER,AUTO,BICYCLE,,22100A,1,0,,
91248245,"Sun., Dec. 06,2009",12:43,TAYLOR,39,N,MARKET,AUTO,BICYCLE,,22517,1,0,YES,
90072906,"Tue., Jan. 20,2009",18:50,POWELL,130,N,OFARRELL,AUTO,BICYCLE,,22517,1,0,,
90411047,"Mon., Apr. 20,2009",08:03,MISSION,189,W,3RD,AUTO,OTHER,BICYCLE,22400A,1,0,,
90595306,"Tue., Jun. 09,2009",23:16,20TH,0,X,HARRISON,BICYCLE,MOTORCYCLE,BICYCLE,22450,2,0,,
90709046,"Sun., Jul. 12,2009",17:05,MARKET,250,W,SANCHEZ,AUTO,TAXI,BICYCLE,21211A,1,0,,
91092020,"Fri., Oct. 23,2009",09:24,OFARRELL,50,W,POLK,TRK/TRK TRAC,BUS (OTHER),BICYCLE,22517,0,0,,
90378453,"Sat., Apr. 11,2009",11:15,DIVISADERO,60,E,HAYES,AUTO,TRK TRAC W/TRL,BICYCLE,21658A,1,0,YES,
90590613,"Mon., Jun. 08,2009",18:28,JEFFERSON,0,X,POWELL,OTHER (HORSE-DRAWN CARRIAGE),BICYCLE,BICYCLE,OTD,1,0,,
90388173,"Tue., Apr. 14,2009",02:00,44TH,160,N,MORAGA,AUTO,AUTO (PKD),BICYCLE,22350,0,0,YES,
100032484,"Sun., Jan. 10,2010",22:34,17TH,0,X,POTRERO,BICYCLE,,,22350,1,0,,
100073159,"Fri., Jan. 22,2010",22:51,7TH,54,S,HUGO,BICYCLE,,,22350,1,0,,
100090749,"Thu., Jan. 28,2010",01:55,MARKET,135,W,SANCHEZ,BICYCLE,,,OTD,1,0,,
100099666,"Sat., Jan. 30,2010",17:00,CHURCH,30,N,17TH,BICYCLE,,,22350,1,0,,
100121758,"Sat., Feb. 06,2010",01:26,MISSION,20,S,14TH,BICYCLE,,,OTD,1,0,,
100139206,"Thu., Feb. 11,2010",12:00,MISSION,30,W,6TH,BICYCLE,,,22350,1,0,,
100176872,"Mon., Feb. 22,2010",14:40,SANSOME,14,S,CALIFORNIA,BICYCLE,,,NS,1,0,,
100210812,"Thu., Mar. 04,2010",18:54,MARKET,120,W,5TH,BICYCLE,,,OTD,1,0,,
100258862,"Thu., Mar. 18,2010",20:20,CONCORD,100,E,MISSION,BICYCLE,,,22350,1,0,,
100284685,"Fri., Mar. 26,2010",14:45,TOWNSEND,87,W,7TH,BICYCLE,,,22350,1,0,,
100293181,"Mon., Mar. 29,2010",09:55,MARKET,0,X,SANSOME,BICYCLE,,,22350,1,0,,
100295193,"Mon., Mar. 29,2010",18:30,JOHN F KENNEDY,0,X,GREAT HWY,BICYCLE,,,22350,1,0,,
100303263,"Thu., Apr. 01,2010",09:50,POLK,50,N,ELLIS,BICYCLE,,,UNK,1,0,,
100314373,"Sun., Apr. 04,2010",21:40,JUDAH,62,E,47TH,BICYCLE,,,NS,1,0,,
100340403,"Mon., Apr. 12,2010",23:05,10TH,0,X,FOLSOM,BICYCLE,,,22350,1,0,,
100377020,"Fri., Apr. 23,2010",23:11,POLK,10,S,FERN,BICYCLE,,,21703,1,0,,
100377600,"Sat., Apr. 24,2010",02:24,12TH,280,N,BALBOA,BICYCLE,,,22350,1,0,,
100399933,"Fri., Apr. 30,2010",18:51,MASONIC,40,S,ANZA,BICYCLE,,,21700,1,0,,
100401914,"Sat., May. 01,2010",14:05,VAN NESS,0,X,ELLIS,BICYCLE,,,22350,1,0,,
100474808,"Sat., May. 22,2010",10:33,NORTH POINT,210,E,HYDE,BICYCLE,,,22350,1,0,,
100446829,"Mon., May. 24,2010",11:23,OCEAN,473,W,SAN JOSE,BICYCLE,,,OTD,1,0,,
100491595,"Thu., May. 27,2010",11:31,ILLINOIS,111,N,AMADOR,BICYCLE,,,OTD,1,0,,
100502904,"Sun., May. 30,2010",20:30,PAGE,225,E,BRODERICK,BICYCLE,,,22350,1,0,,
100514410,"Thu., Jun. 03,2010",12:35,DE HARO,0,X,DIVISION,BICYCLE,,,22350,1,0,,
100521534,"Sat., Jun. 05,2010",14:13,GOUGH,20,S,LINDEN,BICYCLE,,,UNK,1,0,,
100536408,"Thu., Jun. 10,2010",06:30,CHURCH,220,N,14TH,BICYCLE,,,22107,1,0,,
100606619,"Thu., Jul. 01,2010",23:51,17TH,0,X,HOFF,BICYCLE,,,22350,1,0,,
100617230,"Mon., Jul. 05,2010",15:00,5TH,0,X,MARKET,BICYCLE,,,22350,1,0,,
100627659,"Thu., Jul. 08,2010",18:14,SUNNYDALE,2640,W,SANTOS,BICYCLE,,,22350,1,0,,
100740687,"Fri., Aug. 13,2010",08:30,MARKET,45,W,SPEAR,BICYCLE,,,22350,1,0,,
100805485,"Wed., Sep. 01,2010",11:29,MARKET,46,W,GOUGH,BICYCLE,,,21658A,1,0,,
100819925,"Sun., Sep. 05,2010",11:38,MARKET,0,X,MAIN,BICYCLE,,,OTD,1,0,,
100832870,"Thu., Sep. 09,2010",07:03,BEACH,97,E,POLK,BICYCLE,,,UNK,1,0,,
100844411,"Sun., Sep. 12,2010",11:10,MARKET,150,W,4TH,BICYCLE,,,21658A,1,0,,
100863615,"Fri., Sep. 17,2010",19:26,SAN JOSE,23,S,BADEN,BICYCLE,,,22350,1,0,,
100903120,"Tue., Sep. 28,2010",20:42,MARKET,82,W,NEW MONTGOMERY,BICYCLE,,,21200.5,1,0,,
100902188,"Tue., Sep. 28,2010",16:58,3RD,74,N,MARIN,BICYCLE,,,22350,1,0,,
100914638,"Fri., Oct. 01,2010",22:46,CALIFORNIA,0,X,POLK,BICYCLE,,,OTD,1,0,,
100911430,"Fri., Oct. 01,2010",01:07,SCOTT,23,N,OAK,BICYCLE,,,22350,1,0,,
100938230,"Sat., Oct. 09,2010",00:29,2ND,0,X,TOWNSEND,BICYCLE,,,22350,1,0,,
100943831,"Sun., Oct. 10,2010",18:46,FRONT,0,X,JACKSON,BICYCLE,,,NS,1,0,,
100952666,"Wed., Oct. 13,2010",10:47,POST,160,E,TAYLOR,BICYCLE,,,NS,1,0,,
100964859,"Sat., Oct. 16,2010",23:41,BROAD,45,E,ORIZABA,BICYCLE,,,21202A,1,0,,
100987550,"Sun., Oct. 24,2010",01:25,JOHN F KENNEDY,15,E,CONSERVATORY,BICYCLE,,,OTD,0,0,,
101025131,"Wed., Nov. 03,2010",09:48,SAN JOSE,6,S,DAY,BICYCLE,,,22350,1,0,,
101030952,"Sat., Nov. 06,2010",00:40,HAIGHT,0,X,PIERCE,BICYCLE,,,22350,1,0,,
101034841,"Sat., Nov. 06,2010",10:14,MARKET,130,W,BEALE,BICYCLE,,,22350,1,0,,
101058421,"Sun., Nov. 14,2010",16:35,GEARY,0,X,POWELL,BICYCLE,,,OID,1,0,,
101061474,"Mon., Nov. 15,2010",15:25,CENTRAL,37,N,PAGE,BICYCLE,,,OTD,1,0,,
101074518,"Fri., Nov. 19,2010",12:36,OCEAN,148,E,SAN JOSE,BICYCLE,,,21650,1,0,,
100011450,"Mon., Jan. 04,2010",16:12,15TH,0,X,GUERRERO,BICYCLE,AUTO,,21453A,1,0,,
100016626,"Wed., Jan. 06,2010",07:14,16TH,0,X,SHOTWELL,BICYCLE,AUTO,,22450,1,0,,
100043124,"Wed., Jan. 13,2010",20:35,OCTAVIA,0,X,PAGE,BICYCLE,AUTO,,21201.0,1,0,,
100058941,"Mon., Jan. 18,2010",19:23,MASONIC,0,X,OAK,BICYCLE,AUTO,,21801B,2,0,,
100072907,"Fri., Jan. 22,2010",22:04,46TH,0,X,BALBOA,BICYCLE,AUTO,,22450,1,0,,
100075042,"Sat., Jan. 23,2010",14:45,CHURCH,0,X,DUBOCE,BICYCLE,AUTO,,21802A,1,0,,
100086328,"Tue., Jan. 26,2010",20:38,POLK,48,N,BROADWAY,BICYCLE,AUTO,,21755,0,0,,
100089695,"Wed., Jan. 27,2010",17:50,EDDY,0,X,POLK,BICYCLE,AUTO,,21453A,1,0,,
100089526,"Wed., Jan. 27,2010",17:00,VAN NESS,12,S,TURK,BICYCLE,AUTO,,21453A,1,0,,
100092698,"Thu., Jan. 28,2010",16:02,16TH,0,X,MISSISSIPPI,BICYCLE,AUTO,,21453A,1,0,,
100118608,"Fri., Feb. 05,2010",08:44,11TH,0,X,MARKET,BICYCLE,AUTO,,21658A,1,0,,
100119725,"Fri., Feb. 05,2010",14:40,STOCKTON,177,N,SUTTER,BICYCLE,AUTO,,22350,1,0,,
100146574,"Sat., Feb. 13,2010",14:50,SKYLINE,175,S,ZOO,BICYCLE,AUTO,,22107,1,0,,
100153723,"Mon., Feb. 15,2010",18:50,17TH,0,X,POTRERO,BICYCLE,AUTO,,21801A,1,0,,
100155989,"Tue., Feb. 16,2010",15:00,LAGUNA HONDA,262,S,PLAZA,BICYCLE,AUTO,,21453A,1,0,,
100158325,"Wed., Feb. 17,2010",08:35,ANNAPOLIS,0,X,GOLDEN GATE,BICYCLE,AUTO,,21750,1,0,,
100160035,"Wed., Feb. 17,2010",14:01,HOWARD,220,W,LAFAYETTE,BICYCLE,AUTO,,21663,1,0,,
100166538,"Fri., Feb. 19,2010",05:30,FOERSTER,0,X,MONTEREY,BICYCLE,AUTO,,21453A,1,0,,
100174365,"Sun., Feb. 21,2010",16:24,OAK,15,W,LAGUNA,BICYCLE,AUTO,,21453A,1,0,,
100176979,"Mon., Feb. 22,2010",14:15,ERIE,6,E,MISSION,BICYCLE,AUTO,,21804,1,0,YES,
100190690,"Fri., Feb. 26,2010",13:31,HAIGHT,0,X,MASONIC,BICYCLE,AUTO,,21453A,1,0,,
100193779,"Sat., Feb. 27,2010",12:39,MASONIC,84,S,PAGE,BICYCLE,AUTO,,21755,1,0,,
100197618,"Sun., Feb. 28,2010",16:50,BRODERICK,0,X,MC ALLISTER,BICYCLE,AUTO,,22350,1,0,,
100209401,"Thu., Mar. 04,2010",10:08,ARGUELLO,129,S,GEARY,BICYCLE,AUTO,,22350,1,0,,
100221273,"Mon., Mar. 08,2010",07:35,ARMY,5,W,KANSAS,BICYCLE,AUTO,,22350,1,0,,
100222293,"Mon., Mar. 08,2010",12:34,GREAT HWY,6,S,VICENTE,BICYCLE,AUTO,,UNK,1,0,,
100225093,"Tue., Mar. 09,2010",08:50,MARKET,0,X,SUTTER,BICYCLE,AUTO,,22100B,1,0,,
100230763,"Wed., Mar. 10,2010",18:48,5TH,58,N,SHIPLEY,BICYCLE,AUTO,,21650.1,1,0,,
100235274,"Thu., Mar. 11,2010",23:30,4TH,0,X,HARRISON,BICYCLE,AUTO,,22350,1,0,,
100238789,"Sat., Mar. 13,2010",02:29,CHAIN OF LAKES,51,N,MARTIN LUTHER KING,BICYCLE,AUTO,,NS,1,0,,
100249190,"Tue., Mar. 16,2010",09:15,37TH,0,X,RIVERA,BICYCLE,AUTO,,22450,1,0,,
100249435,"Tue., Mar. 16,2010",10:32,3RD,0,X,NEWCOMB,BICYCLE,AUTO,,UNK,0,0,YES,
100254321,"Wed., Mar. 17,2010",15:52,JACKSON,0,X,SPRUCE,BICYCLE,AUTO,,22450,1,0,,
100253771,"Wed., Mar. 17,2010",13:57,PARK PRESIDIO,0,X,FULTON,BICYCLE,AUTO,,21651A,1,0,,
100256214,"Thu., Mar. 18,2010",02:08,4TH,0,X,HOWARD,BICYCLE,AUTO,,UNK,1,0,,
100261310,"Fri., Mar. 19,2010",14:30,COLUMBIA,276,N,HARRISON,BICYCLE,AUTO,,21800A,1,0,,
100274250,"Tue., Mar. 23,2010",15:15,EMBARCADERO,235,S,TOWNSEND,BICYCLE,AUTO,,21663,1,0,,
100289801,"Sun., Mar. 28,2010",02:35,7TH,0,X,MARKET,BICYCLE,AUTO,,21453A,1,0,,
100291599,"Sun., Mar. 28,2010",18:19,8TH,0,X,BALBOA,BICYCLE,AUTO,,22450,1,0,,
100294866,"Mon., Mar. 29,2010",19:41,FELL,0,X,SHRADER,BICYCLE,AUTO,,21453B,1,0,,
100302447,"Wed., Mar. 31,2010",18:35,MARKET,0,X,OFARRELL,BICYCLE,AUTO,,21451A,1,0,,
100313115,"Sun., Apr. 04,2010",10:30,MARINA,0,X,SCOTT,BICYCLE,AUTO,,21202A,1,0,,
100324645,"Tue., Apr. 06,2010",19:10,OCEAN,0,X,SAN JOSE,BICYCLE,AUTO,,UNK,1,0,,
100341326,"Tue., Apr. 13,2010",09:30,BARNEVELD,9,N,SILVER,BICYCLE,AUTO,,21663,1,0,,
100347998,"Thu., Apr. 15,2010",10:32,KEARNY,0,X,POST,BICYCLE,AUTO,,21453A,1,0,,
100359426,"Sun., Apr. 18,2010",18:10,22ND,0,X,SOUTH VAN NESS,BICYCLE,AUTO,,21453A,1,0,,
100360677,"Mon., Apr. 19,2010",07:36,19TH,0,X,IRVING,BICYCLE,AUTO,,21755,1,0,,
100365683,"Tue., Apr. 20,2010",15:27,BRYANT,12,E,JACK LONDON,BICYCLE,AUTO,,21804,1,0,,
100365956,"Tue., Apr. 20,2010",16:35,8TH,3,W,GEARY,BICYCLE,AUTO,,21202A,1,0,,
100376191,"Fri., Apr. 23,2010",17:33,GEARY,0,X,POLK,BICYCLE,AUTO,,OTD,1,0,,
100411753,"Tue., May. 04,2010",11:00,MC ALLISTER,0,X,POLK,BICYCLE,AUTO,,21650.1,1,0,,
100413953,"Tue., May. 04,2010",21:38,BAYSHORE,0,X,INDUSTRIAL,BICYCLE,AUTO,,21650.1,1,0,,
100414478,"Wed., May. 05,2010",01:27,MARKET,0,X,GOUGH,BICYCLE,AUTO,,21453A,1,0,,
100421542,"Thu., May. 06,2010",23:37,DUBOCE,0,X,VALENCIA,BICYCLE,AUTO,,21801B,1,0,,
100427700,"Sat., May. 08,2010",17:50,17TH,53,E,DOLORES,BICYCLE,AUTO,,21703,1,0,YES,
100433666,"Mon., May. 10,2010",16:23,HARRISON,115,E,4TH,BICYCLE,AUTO,,NS,1,0,YES,
100447156,"Fri., May. 14,2010",12:45,FELL,0,X,MASONIC,BICYCLE,AUTO,,21804A,1,0,,
100458642,"Mon., May. 17,2010",20:10,GOLDEN GATE,0,X,WEBSTER,BICYCLE,AUTO,,UNK,1,0,,
100462615,"Tue., May. 18,2010",22:00,DIVISADERO,0,X,GOLDEN GATE,BICYCLE,AUTO,,22350,1,0,,
100468726,"Thu., May. 20,2010",14:27,NOE,1,S,18TH,BICYCLE,AUTO,,22450,1,0,,
100481706,"Sun., May. 23,2010",19:07,BUSH,0,X,GRANT,BICYCLE,AUTO,,21751,1,0,,
100478628,"Sun., May. 23,2010",14:30,ARGUELLO,0,X,FULTON,BICYCLE,AUTO,,21804A,1,0,,
100479400,"Sun., May. 23,2010",19:55,HAIGHT,0,X,LAGUNA,BICYCLE,AUTO,,22450,1,0,,
100480435,"Mon., May. 24,2010",07:34,GROVE,0,X,LAGUNA,BICYCLE,AUTO,,22450,1,0,,
100482964,"Mon., May. 24,2010",20:56,ELLIS,0,X,POLK,BICYCLE,AUTO,,22350,1,0,YES,
100485190,"Tue., May. 25,2010",15:30,GOLDEN GATE,13,E,JONES,BICYCLE,AUTO,,21461A,1,0,,
100500425,"Sat., May. 29,2010",23:30,3RD,0,X,MISSION,BICYCLE,AUTO,,21453A,0,0,,
100499226,"Sat., May. 29,2010",16:50,MARKET,0,X,VALENCIA,BICYCLE,AUTO,,21755,1,0,,
100508667,"Tue., Jun. 01,2010",18:37,DIVISION,0,X,RHODE ISLAND,BICYCLE,AUTO,,22350,1,0,,
100513531,"Thu., Jun. 03,2010",07:50,PAGE,0,X,SCOTT,BICYCLE,AUTO,,22450,1,0,,
100513462,"Thu., Jun. 03,2010",06:35,12TH,0,X,FULTON,BICYCLE,AUTO,,21650,1,0,,
100519153,"Fri., Jun. 04,2010",18:50,FLORIDA,176,N,19TH,BICYCLE,AUTO,,21804,1,0,,
100518371,"Fri., Jun. 04,2010",15:39,FILLMORE,130,N,VALLEJO,BICYCLE,AUTO,,22350,1,0,,
100519335,"Fri., Jun. 04,2010",20:08,SHOTWELL,177,N,ARMY,BICYCLE,AUTO,,21650,1,0,,
100531834,"Tue., Jun. 08,2010",18:45,GEARY,49,E,23RD,BICYCLE,AUTO,,22350,1,0,,
100532359,"Tue., Jun. 08,2010",20:00,5TH ST NORTH,0,X,MARKET,BICYCLE,AUTO,,22350,1,0,YES,
100529908,"Tue., Jun. 08,2010",09:06,STATE,1,E,LAKE MERCED,BICYCLE,AUTO,,21650.1,1,0,,
100535046,"Wed., Jun. 09,2010",18:37,TREAT,20,S,16TH,BICYCLE,AUTO,,21658A,1,0,,
100541366,"Fri., Jun. 11,2010",16:34,GOUGH,0,X,TURK,BICYCLE,AUTO,,21806A,1,0,,
100541708,"Fri., Jun. 11,2010",18:25,PAGE,0,X,SCOTT,BICYCLE,AUTO,,22450,1,0,,
100558189,"Wed., Jun. 16,2010",23:45,22ND,3,N,CABRILLO,BICYCLE,AUTO,,22350,1,0,,
100566461,"Sat., Jun. 19,2010",13:35,20TH,0,X,ANZA,BICYCLE,AUTO,,21663,0,0,,
100589582,"Sat., Jun. 26,2010",22:55,16TH,6,N,ALBION,BICYCLE,AUTO,,21201.0,1,0,,
100588073,"Sat., Jun. 26,2010",13:30,24TH,0,X,MISSION,BICYCLE,AUTO,,21453A,1,0,,
100592290,"Sun., Jun. 27,2010",18:23,AVENUE E,120,S,13TH,BICYCLE,AUTO,,21650.1,1,0,,
100592610,"Sun., Jun. 27,2010",20:16,EMBARCADERO,125,N,WASHINGTON,BICYCLE,AUTO,,21658A,1,0,,
100616744,"Fri., Jul. 02,2010",01:39,19TH,0,X,TARAVAL,BICYCLE,AUTO,,21200A,1,0,,
100611373,"Sat., Jul. 03,2010",15:26,PARK PRESIDIO,0,X,FULTON,BICYCLE,AUTO,,21650.1,1,0,,
100615240,"Sun., Jul. 04,2010",21:52,FILBERT,0,X,POLK,BICYCLE,AUTO,,22450,1,0,,
100622762,"Wed., Jul. 07,2010",12:29,BAYSHORE,267,S,SILVER,BICYCLE,AUTO,,21650.1,1,0,,
100626554,"Thu., Jul. 08,2010",14:00,MISSION,0,X,ARMY,BICYCLE,AUTO,,21453A,1,0,,
100634977,"Sun., Jul. 11,2010",10:15,POLK,22,S,BROADWAY,BICYCLE,AUTO,,22107,1,0,,
100643843,"Wed., Jul. 14,2010",08:10,MISSION,98,E,9TH,BICYCLE,AUTO,,21658A,1,0,,
100619114,"Thu., Jul. 15,2010",15:40,15TH,0,X,JULIAN,BICYCLE,AUTO,,21800A,1,0,,
100647613,"Thu., Jul. 15,2010",09:01,14TH,0,X,MISSION,BICYCLE,AUTO,,21453A,1,0,,
100652305,"Fri., Jul. 16,2010",13:50,OWENS,0,X,C ST,BICYCLE,AUTO,,22107,1,0,,
100658438,"Sun., Jul. 18,2010",14:25,FELL,10,W,VAN NESS,BICYCLE,AUTO,,21804,1,0,,
100668534,"Wed., Jul. 21,2010",18:15,VICENTE,15,W,21ST,BICYCLE,AUTO,,22100B,1,0,,
100672080,"Thu., Jul. 22,2010",20:18,16TH,0,X,SHOTWELL,BICYCLE,AUTO,,UNK,1,0,,
100673953,"Fri., Jul. 23,2010",12:27,20TH,0,X,OCEAN,BICYCLE,AUTO,,22450,1,0,,
100677193,"Sat., Jul. 24,2010",12:38,SUTTER,14,W,LARKIN,BICYCLE,AUTO,,21650.1,1,0,,
100680209,"Sun., Jul. 25,2010",12:45,MARKET,0,X,VALENCIA,BICYCLE,AUTO,,21755,1,0,,
100695311,"Fri., Jul. 30,2010",08:55,ALABAMA,10,N,NORWICH,BICYCLE,AUTO,,21650,1,0,,
100707267,"Tue., Aug. 03,2010",09:02,IRVING,114,E,23RD,BICYCLE,AUTO,,21755,1,0,,
100707706,"Tue., Aug. 03,2010",11:06,POLK,24,N,ELLIS,BICYCLE,AUTO,,22350,1,0,,
100716810,"Thu., Aug. 05,2010",22:50,FILLMORE,0,X,WALLER,BICYCLE,AUTO,,22450,1,0,,
100716848,"Thu., Aug. 05,2010",23:05,PIERCE,40,S,HAIGHT,BICYCLE,AUTO,,22350,1,0,,
100721580,"Sat., Aug. 07,2010",11:53,4TH,0,X,HARRISON,BICYCLE,AUTO,,21453A,1,0,,
100732690,"Tue., Aug. 10,2010",18:00,MISSION,0,X,GRACE,BICYCLE,AUTO,,UNK,1,0,,
100733933,"Wed., Aug. 11,2010",08:13,8TH,0,X,MISSION,BICYCLE,AUTO,,22100B,0,0,,
100735713,"Wed., Aug. 11,2010",16:52,MARTIN LUTHER KING,120,W,CROSSOVER,BICYCLE,AUTO,,21650,1,0,,
100741304,"Fri., Aug. 13,2010",12:34,MASON,107,S,PINE,BICYCLE,AUTO,,22350,1,0,,
100746573,"Sat., Aug. 14,2010",22:04,48TH,0,X,KIRKHAM,BICYCLE,AUTO,,21201.0,1,0,,
100758317,"Wed., Aug. 18,2010",15:55,GRET HWY,150,S,JOHN F KENNEDY,BICYCLE,AUTO,,22350,1,0,,
100764518,"Fri., Aug. 20,2010",10:18,FILLMORE,0,X,HAIGHT,BICYCLE,AUTO,,22107,1,0,,
100773973,"Mon., Aug. 23,2010",10:02,COLUMBUS,0,X,JACKSON,BICYCLE,AUTO,,21750,1,0,,
100782996,"Wed., Aug. 25,2010",18:40,CHAIN OF LAKES,0,X,JOHN F KENNEDY,BICYCLE,AUTO,,22109,1,0,,
100782560,"Wed., Aug. 25,2010",16:00,MISSION,0,X,DUBOCE,BICYCLE,AUTO,,21453A,1,0,,
100782140,"Wed., Aug. 25,2010",15:02,LAKE MERCED,5,N,JOHN MUIR,BICYCLE,AUTO,,21650.1,1,0,,
100786017,"Thu., Aug. 26,2010",16:32,OAK,20,E,FRANKLIN,BICYCLE,AUTO,,21657,1,0,,
100787338,"Thu., Aug. 26,2010",23:35,EDDY,0,X,TAYLOR,BICYCLE,AUTO,,21650.1,1,0,,
100788712,"Fri., Aug. 27,2010",12:15,9TH,0,X,HARRISON,BICYCLE,AUTO,,22101.0,1,0,,
100798357,"Mon., Aug. 30,2010",10:51,FELL,15,W,DIVISADERO,BICYCLE,AUTO,,21801B,1,0,,
100797876,"Mon., Aug. 30,2010",08:08,JERROLD,0,X,TOLAND,BICYCLE,AUTO,,21200A,1,0,,
100811658,"Thu., Sep. 02,2010",23:04,17TH,0,X,VALENCIA,BICYCLE,AUTO,,21200.5,1,0,,
100813717,"Fri., Sep. 03,2010",15:07,3RD,7,N,INGERSON,BICYCLE,AUTO,,21453A,1,0,,
100818159,"Sat., Sep. 04,2010",20:25,CHURCH,163,S,DUBOCE,BICYCLE,AUTO,,22350,1,0,,
100824554,"Mon., Sep. 06,2010",21:20,ARMY,0,X,VERMONT,BICYCLE,AUTO,,21650.1,1,0,,
100831496,"Wed., Sep. 08,2010",18:30,8TH,0,X,TOWNSEND,BICYCLE,AUTO,,21202A,1,0,,
100852599,"Tue., Sep. 14,2010",17:40,SENECA,2,E,ALEMANY,BICYCLE,AUTO,,21650.1,1,0,,
100859250,"Thu., Sep. 16,2010",15:20,EDDY,0,X,FRANKLIN,BICYCLE,AUTO,,21650.1,1,0,,
100862689,"Fri., Sep. 17,2010",14:44,MISSION,0,X,FAIR,BICYCLE,AUTO,,21453C,1,0,,
100869798,"Sun., Sep. 19,2010",16:35,20TH,0,X,VALENCIA,BICYCLE,AUTO,,21453A,1,0,,
100876787,"Tue., Sep. 21,2010",15:56,GEARY,52,E,17TH,BICYCLE,AUTO,,22350,1,0,,
100884207,"Thu., Sep. 23,2010",13:00,STOCKTON,98,N,WASHINGTON,BICYCLE,AUTO,,22107,1,0,,
100884752,"Thu., Sep. 23,2010",15:30,45TH,0,X,RIVERA,BICYCLE,AUTO,,22450,1,0,,
100909021,"Thu., Sep. 30,2010",12:02,3RD,0,X,BRANNAN,BICYCLE,AUTO,,21453A,1,0,,
100911991,"Fri., Oct. 01,2010",08:52,JACKSON,78,E,WALNUT,BICYCLE,AUTO,,21650.1,1,0,,
100916979,"Sat., Oct. 02,2010",17:44,44TH,0,X,LINCOLN,BICYCLE,AUTO,,21650.1,1,0,,
100918709,"Sun., Oct. 03,2010",11:42,16TH,0,X,POTRERO,BICYCLE,AUTO,,21658A,1,0,,
100929524,"Wed., Oct. 06,2010",15:20,EMBARCADERO,133,S,FOLSOM,BICYCLE,AUTO,,22107,1,0,,
100928269,"Wed., Oct. 06,2010",09:47,UTAH,6,S,16TH,BICYCLE,AUTO,,22350,1,0,,
100950212,"Tue., Oct. 12,2010",18:00,18TH,0,X,DOLORES,BICYCLE,AUTO,,21800A,1,0,,
100950600,"Wed., Oct. 13,2010",09:47,POLK,0,X,POST,BICYCLE,AUTO,,21453A,1,0,,
100951969,"Wed., Oct. 13,2010",07:15,18TH,0,X,ANZA,BICYCLE,AUTO,,22450,1,0,,
100962217,"Sat., Oct. 16,2010",03:06,JOHN F KENNEDY,401,E,8TH,BICYCLE,AUTO,,21650,1,0,YES,
100973032,"Tue., Oct. 19,2010",16:59,MARINA,0,X,SCOTT,BICYCLE,AUTO,,21650.1,1,0,,
100976343,"Wed., Oct. 20,2010",16:32,ELLIS,0,X,POLK,BICYCLE,AUTO,,21755,1,0,,
100977238,"Wed., Oct. 20,2010",21:35,HAYES,0,X,SCOTT,BICYCLE,AUTO,,22450,1,0,,
100994072,"Tue., Oct. 26,2010",07:57,GRANT,0,X,POST,BICYCLE,AUTO,,21453A,1,0,,
101022090,"Wed., Nov. 03,2010",16:42,14TH,0,X,FOLSOM,BICYCLE,AUTO,,21453A,1,0,,
101033439,"Sun., Nov. 07,2010",19:49,BEACH,40,W,GRANT,BICYCLE,AUTO,,21755,0,0,,
101052887,"Fri., Nov. 12,2010",19:06,22ND,0,X,LAWTON,BICYCLE,AUTO,,21802A,1,0,,
101069939,"Wed., Nov. 17,2010",22:48,25TH,8,E,3RD,BICYCLE,AUTO,,22350,1,0,,
101075801,"Fri., Nov. 19,2010",19:50,4TH,0,X,HARRISON,BICYCLE,AUTO,,22101.0,1,0,,
101092695,"Thu., Nov. 25,2010",10:23,15TH,0,X,ALABAMA,BICYCLE,AUTO,,21800B,0,0,,
100080897,"Mon., Jan. 25,2010",13:17,SAN JOSE,31,N,30TH,BICYCLE,AUTO (PKD),,22350,0,0,,
100378250,"Sat., Apr. 24,2010",10:08,TAYLOR,68,S,WATER,BICYCLE,AUTO (PKD),,22350,1,0,,
100389154,"Mon., Apr. 26,2010",16:20,FOLSOM,0,X,MAIN,BICYCLE,AUTO (PKD),,22350,1,0,,
100466350,"Wed., May. 19,2010",18:25,STEUART,226,S,MARKET,BICYCLE,AUTO (PKD),,22350,1,0,,
100472783,"Fri., May. 21,2010",18:40,48TH,16,N,LAWTON,BICYCLE,AUTO (PKD),,22350,1,0,,
100636741,"Sun., Jul. 11,2010",23:29,BARTLETT,97,S,24TH,BICYCLE,AUTO (PKD),,21657,1,0,,
100733905,"Wed., Aug. 11,2010",08:15,VALENCIA,52,N,LIBERTY,BICYCLE,AUTO (PKD),,OTD,1,0,,
100824134,"Mon., Sep. 06,2010",18:21,GOLDEN GATE,25,E,FILLMORE,BICYCLE,AUTO (PKD),,22107,1,0,,
100871016,"Mon., Sep. 20,2010",01:58,LEAVENWORTH,81,N,EDDY,BICYCLE,AUTO (PKD),,21650.1,1,0,,
100927681,"Wed., Oct. 06,2010",01:49,18TH,59,E,GUERRERO,BICYCLE,AUTO (PKD),,OTD,1,0,,
100086607,"Tue., Jan. 26,2010",22:30,7TH,265,N,CABRILLO,BICYCLE,BICYCLE,,22107,1,0,,
100275957,"Wed., Mar. 24,2010",01:21,16TH,71,W,DOLORES,BICYCLE,BICYCLE,,21701,1,0,,
100358882,"Sun., Apr. 18,2010",13:37,SKYLINE,0,,BICYCLE PATH,BICYCLE,BICYCLE,,UNK,2,0,,
100745637,"Sat., Aug. 14,2010",18:13,8TH,0,X,CABRILLO,BICYCLE,BICYCLE,,21453A,2,0,,
100877967,"Tue., Sep. 21,2010",22:39,HAIGHT,0,X,PIERCE,BICYCLE,BICYCLE,,22450,2,0,,
100889053,"Fri., Sep. 24,2010",19:14,LAGUNA,97,S,NORTH POINT,BICYCLE,BICYCLE,,21658A,1,0,YES,
100205960,"Wed., Mar. 03,2010",09:15,MARKET,205,W,5TH,BICYCLE,BUS (OTHER),,21651,1,0,,
100577855,"Wed., Jun. 23,2010",12:30,20TH,0,X,ARKANSAS,BICYCLE,BUS (OTHER),,22348A,1,0,,
100605906,"Thu., Jul. 01,2010",19:05,MARKET,146,E,3RD,BICYCLE,BUS (OTHER),,OTD,1,0,,
100807390,"Wed., Sep. 01,2010",20:30,POLK,132,S,CLAY,BICYCLE,BUS (OTHER),,21754,1,0,,
100933321,"Thu., Oct. 07,2010",16:59,6TH,331,S,CLEMENT,BICYCLE,BUS (OTHER),,22107,0,1,,
100512947,"Wed., Jun. 02,2010",22:50,MARKET,18,W,CHARLES J BRENNAN,BICYCLE,BUS (OTHER),,21453A,1,0,,
100948126,"Tue., Oct. 12,2010",08:28,MISSION,214,W,4TH,BICYCLE,BUS (OTHER),,22107,1,0,,
100952042,"Wed., Oct. 13,2010",08:00,HYDE,83,S,GOLDEN GATE,BICYCLE,BUS (OTHER),,21202A,1,0,,
100036840,"Tue., Jan. 12,2010",10:20,EMBARCADERO,25,S,TOWNSEND,BICYCLE,FIXED OBJECT,,22350,1,0,,
100152010,"Mon., Feb. 15,2010",09:22,EMBARCADERO,105,N,GREEN,BICYCLE,FIXED OBJECT,,22350,1,0,,
100178630,"Tue., Feb. 23,2010",01:00,KEZAR,0,S,WALLER,BICYCLE,FIXED OBJECT,,22350,1,0,,
100936472,"Fri., Oct. 08,2010",14:52,JEFFERSON,207,W,POWELL,BICYCLE,FIXED OBJECT,,22350,1,0,,
100939448,"Sat., Oct. 09,2010",12:26,17TH,2,W,CHURCH,BICYCLE,FIXED OBJECT,,NS,1,0,,
100943295,"Sun., Oct. 10,2010",15:50,17TH,26,E,SANCHEZ,BICYCLE,FIXED OBJECT,,NS,1,0,,
101105834,"Tue., Nov. 30,2010",09:16,SANCHEZ,14,S,14TH,BICYCLE,FIXED OBJECT,,OTD,1,0,,
100618288,"Mon., Jul. 05,2010",22:01,CASTRO,55,N,20TH,BICYCLE,MOTORCYCLE,,22350,1,0,,
100158234,"Wed., Feb. 17,2010",07:30,MISSION,0,X,EMBARCADERO,BICYCLE,OTHER OBJECT,,NS,1,0,,
100046526,"Thu., Jan. 14,2010",19:30,MARKET,0,X,GRANT,BICYCLE,PEDESTRIAN,,21453A,1,0,YES,
100211531,"Thu., Mar. 04,2010",23:21,5TH,0,X,MISSION,BICYCLE,PEDESTRIAN,,21650,1,0,,
100626065,"Thu., Jul. 08,2010",10:45,VAN NESS,0,X,SACRAMENTO,BICYCLE,PEDESTRIAN,,22107,1,0,,
100629940,"Fri., Jul. 09,2010",17:25,GEARY,0,X,STOCKTON,BICYCLE,PEDESTRIAN,,21950A,1,0,,
100745160,"Sat., Aug. 14,2010",15:00,ELLIS,100,E,VAN NESS,BICYCLE,PEDESTRIAN,,21650.1,1,0,YES,
100950234,"Tue., Oct. 12,2010",18:00,26TH,0,X,TARAVAL,BICYCLE,PEDESTRIAN,,22450,2,0,,
100950121,"Tue., Oct. 12,2010",17:17,TARAVAL,13,E,29TH,BICYCLE,PEDESTRIAN,,21950A,1,0,,
101019122,"Tue., Nov. 02,2010",17:20,VALENCIA,9,N,17TH,BICYCLE,PEDESTRIAN,,21950A,1,0,,
101063420,"Tue., Nov. 16,2010",09:09,FOLSOM,15,E,6TH,BICYCLE,PEDESTRIAN,,21453A,2,0,,
100083192,"Tue., Jan. 26,2010",01:58,MARKET,43,E,SOUTH VAN NESS,BICYCLE,TAXI,,21703,0,0,YES,
100159862,"Wed., Feb. 17,2010",13:10,POTRERO,46,S,21ST,BICYCLE,TAXI,,21208A,0,0,YES,
100195894,"Sun., Feb. 28,2010",02:36,18TH,0,X,COLLINGWOOD,BICYCLE,TAXI,,21801A,1,0,,
100289726,"Sun., Mar. 28,2010",01:09,17TH,0,X,TREAT,BICYCLE,TAXI,,21802A,2,0,,
100302970,"Thu., Apr. 01,2010",05:50,17TH,0,X,VERMONT,BICYCLE,TAXI,,22450,1,0,,
100316642,"Mon., Apr. 05,2010",16:30,MARKET,33,W,NEW MONTGOMERY,BICYCLE,TAXI,,21658A,1,0,,
100365213,"Tue., Apr. 20,2010",12:30,VALENCIA,4,S,18TH,BICYCLE,TAXI,,22350,1,0,,
100376947,"Fri., Apr. 23,2010",22:17,13TH,0,X,HARRISON,BICYCLE,TAXI,,22107,1,0,,
100434181,"Mon., May. 10,2010",19:17,ELLIS,0,X,POLK,BICYCLE,TAXI,,22350,1,0,,
100540227,"Fri., Jun. 11,2010",10:30,MARKET,39,E,5TH,BICYCLE,TAXI,,21658A,1,0,,
100623027,"Wed., Jul. 07,2010",11:00,BUSH,8,W,JONES,BICYCLE,TAXI,,22350,1,0,,
100634353,"Sun., Jul. 11,2010",01:06,FAIR OAKS,2,S,24TH,BICYCLE,TAXI,,21801A,1,0,,
100650199,"Thu., Jul. 15,2010",20:47,ARGUELLO,0,X,EUCLID,BICYCLE,TAXI,,21201A,1,0,,
100694852,"Fri., Jul. 30,2010",01:15,10TH,0,X,MARKET,BICYCLE,TAXI,,21208A,1,0,,
100759149,"Wed., Aug. 18,2010",21:05,MISSION,75,S,26TH,BICYCLE,TAXI,,21202A,1,0,,
100808097,"Thu., Sep. 02,2010",00:26,GEARY,18,W,STOCKTON,BICYCLE,TAXI,,21453A,0,0,YES,
100824372,"Mon., Sep. 06,2010",19:33,19TH,0,X,GUERRERO,BICYCLE,TAXI,,21453A,1,0,,
100881598,"Wed., Sep. 22,2010",20:43,CHURCH,0,X,DUBOCE,BICYCLE,TAXI,,22450,1,0,,
101023032,"Wed., Nov. 03,2010",21:00,HOWARD,128,E,11TH,BICYCLE,TAXI,,21657,1,0,,
101078623,"Sat., Nov. 20,2010",17:09,NAPOLEON,532,N,JERROLD,BICYCLE,TRK TRAC W/TRL,,21201.0,1,0,,
100104390,"Mon., Feb. 01,2010",10:36,OAKDALE,0,X,RANKIN,BICYCLE,TRK/TRK TRAC,,22450,1,0,,
100300617,"Wed., Mar. 31,2010",12:55,MARKET,40,W,11TH,BICYCLE,TRK/TRK TRAC,,22107,1,0,,
100329833,"Fri., Apr. 09,2010",15:17,BEACH,53,E,JONES,BICYCLE,TRK/TRK TRAC,,OTD,1,0,,
100388334,"Tue., Apr. 27,2010",12:33,17TH,22,E,MISSION,BICYCLE,TRK/TRK TRAC,,21650,1,0,,
100552335,"Tue., Jun. 15,2010",12:00,16TH,0,X,CAPP,BICYCLE,TRK/TRK TRAC,,21800A,1,0,,
100592648,"Sun., Jun. 27,2010",20:17,43RD,0,X,RIVERA,BICYCLE,TRK/TRK TRAC,,22450,1,0,,
100637266,"Mon., Jul. 12,2010",06:50,MARKET,0,X,FREMONT,BICYCLE,TRK/TRK TRAC,,21453A,1,0,,
100737690,"Thu., Aug. 12,2010",09:55,SAN JOSE,0,N,KINGSTON,BICYCLE,TRK/TRK TRAC,,22350,1,0,,
100738228,"Thu., Aug. 12,2010",13:05,TENNESSE,1,S,ARMY,BICYCLE,TRK/TRK TRAC,,21202A,1,0,,
100742423,"Fri., Aug. 13,2010",18:20,NEWHALL,22,S,FAIRFAX,BICYCLE,TRK/TRK TRAC,,21806A,1,0,,
100802938,"Tue., Aug. 31,2010",13:33,24TH,67,W,MISSION,BICYCLE,TRK/TRK TRAC,,21202A,1,0,,
100826986,"Tue., Sep. 07,2010",14:18,HOLLOWAY,0,X,JUNIPERO SERRA,BICYCLE,TRK/TRK TRAC,,21801A,1,0,,
100851654,"Tue., Sep. 14,2010",13:55,5TH ST NORTH,33,N,MARKET,BICYCLE,TRK/TRK TRAC,,22107,0,0,,
100955955,"Thu., Oct. 14,2010",09:40,20TH,0,X,VICENTE,BICYCLE,TRK/TRK TRAC,,22450,1,0,,
101022454,"Wed., Nov. 03,2010",18:00,CLAYTON,0,X,PAGE,BICYCLE,TRK/TRK TRAC,,21802A,1,0,,
100652054,"Fri., Jul. 16,2010",12:56,24TH,27,E,BARTLETT,BICYCLE,AUTO (PKD),AUTO,22350,1,0,,
100961463,"Fri., Oct. 15,2010",21:30,GRAFTON,36,W,GRANADA,BICYCLE,BUS (OTHER),AUTO,21751,1,0,,
100327699,"Thu., Apr. 08,2010",22:38,GUERRERO,8,N,20TH,BICYCLE,AUTO,AUTO (PKD),21453A,1,0,,
100983962,"Fri., Oct. 22,2010",22:00,ELLIS,256,E,POWELL,BICYCLE,AUTO (PKD),AUTO (PKD),21658A,0,0,YES,
101060329,"Mon., Nov. 15,2010",10:11,SOUTH VAN NESS,136,S,MARKET,BICYCLE,BUS (OTHER),AUTO (PKD),21750,1,0,,
100622709,"Wed., Jul. 07,2010",08:58,EMBARCADERO,10,W,MARKET,BICYCLE,BICYCLE,PEDESTRIAN,22350,2,0,YES,
100708384,"Tue., Aug. 03,2010",14:20,4TH,0,X,HOWARD,BICYCLE,PEDESTRIAN,PEDESTRIAN,22350,2,0,YES,
100844176,"Sun., Sep. 12,2010",09:30,VAN NESS,12,N,GEARY,BICYCLE,PEDESTRIAN,PEDESTRIAN,21453A,3,0,,
100007722,"Sun., Jan. 03,2010",13:00,POWELL,18,N,BROADWAY,AUTO,BICYCLE,,22106,1,0,,
100066223,"Wed., Jan. 20,2010",19:12,FULTON,30,W,FRANKLIN,AUTO,BICYCLE,,21650,1,0,YES,
100067936,"Thu., Jan. 21,2010",07:00,POTRERO,573,S,25TH,AUTO,BICYCLE,,22517,1,0,0,
100091662,"Thu., Jan. 28,2010",11:59,CAPP,162,S,22ND,AUTO,BICYCLE,,21804,1,0,,
100091098,"Thu., Jan. 28,2010",08:53,DIVISADERO,0,X,POST,AUTO,BICYCLE,,21717,1,0,,
100094616,"Fri., Jan. 29,2010",08:12,CASTRO,221,N,20TH,AUTO,BICYCLE,,22103,1,0,,
100094428,"Fri., Jan. 29,2010",03:37,3RD,190,S,MARIN,AUTO,BICYCLE,,22350,1,0,YES,
100106534,"Mon., Feb. 01,2010",19:34,8TH,0,X,FULTON,AUTO,BICYCLE,,21801A,1,0,,
100104710,"Mon., Feb. 01,2010",12:00,VAN NESS,66,N,TURK,AUTO,BICYCLE,,22350,1,0,YES,
100108643,"Tue., Feb. 02,2010",13:58,14TH,0,X,SANCHEZ,AUTO,BICYCLE,,21802A,1,0,,
100115381,"Thu., Feb. 04,2010",09:55,NEW MONTGOMERY,33,S,MINNA,AUTO,BICYCLE,,22517,1,0,,
100122308,"Sat., Feb. 06,2010",09:15,23RD,0,X,VALENCIA,AUTO,BICYCLE,,21801A,1,0,,
100122380,"Sat., Feb. 06,2010",09:15,23RD,0,X,VALENCIA,AUTO,BICYCLE,,21801A,1,0,,
100122875,"Sat., Feb. 06,2010",13:20,TWIN PEAKS,0,S,PALO ALTO,AUTO,BICYCLE,,21460A,1,0,,
100133446,"Tue., Feb. 09,2010",17:48,BROADWAY,0,X,POLK,AUTO,BICYCLE,,21801A,1,0,,
100138690,"Thu., Feb. 11,2010",08:48,DIVISION,25,W,VERMONT,AUTO,BICYCLE,,22107,1,0,,
100139563,"Thu., Feb. 11,2010",09:30,MISSION,200,S,15TH,AUTO,BICYCLE,,22107,1,0,YES,
100139808,"Thu., Feb. 11,2010",14:02,POLK,118,N,MC ALLISTER,AUTO,BICYCLE,,21209,1,0,YES,
100431884,"Fri., Feb. 12,2010",14:00,LARKIN,80,N,ELLIS,AUTO,BICYCLE,,21703,1,0,YES,
100142588,"Fri., Feb. 12,2010",10:15,EDDY,176,W,LARKIN,AUTO,BICYCLE,,22517,1,0,YES,
100157060,"Tue., Feb. 16,2010",19:30,PACIFIC,145,W,FRANKLIN,AUTO,BICYCLE,,22107,1,0,,
100161936,"Wed., Feb. 17,2010",21:10,MARKET,0,X,LARKIN,AUTO,BICYCLE,,22106,1,0,YES,
100163506,"Thu., Feb. 18,2010",10:55,MC ALLISTER,106,W,LARKIN,AUTO,BICYCLE,,22107,1,0,,
100169510,"Fri., Feb. 19,2010",23:15,MISSION,260,S,FAIR,AUTO,BICYCLE,,21658A,1,0,,
100190424,"Fri., Feb. 26,2010",12:18,HYDE,0,X,TURK,AUTO,BICYCLE,,22107,1,0,YES,
100194181,"Sat., Feb. 27,2010",16:00,BROSNAN,0,X,VALENCIA,AUTO,BICYCLE,,22107,1,0,YES,
100200807,"Mon., Mar. 01,2010",16:30,18TH,180,E,MISSION,AUTO,BICYCLE,,22517,1,0,,
100210317,"Thu., Mar. 04,2010",16:10,ARGUELLO,110,S,CLEMENT,AUTO,BICYCLE,,21801A,1,0,,
100221712,"Mon., Mar. 08,2010",10:29,POLK,8,S,JACKSON,AUTO,BICYCLE,,22517,1,0,,
100229493,"Wed., Mar. 10,2010",13:25,LAGUNA,50,N,BAY,AUTO,BICYCLE,,21750,1,0,,
100233894,"Thu., Mar. 11,2010",12:01,5TH,0,X,MARKET,AUTO,BICYCLE,,21453.0,1,0,YES,
100232571,"Thu., Mar. 11,2010",10:12,16TH,251,W,MISSISSIPPI,AUTO,BICYCLE,,22107,1,0,,
100243396,"Sun., Mar. 14,2010",13:34,FLORIDA,90,N,23RD,AUTO,BICYCLE,,22517,1,0,,
100249156,"Tue., Mar. 16,2010",08:44,DUBOCE,0,X,VALENCIA,AUTO,BICYCLE,,22107,1,0,YES,
100258135,"Thu., Mar. 18,2010",16:19,23RD,0,X,VALENCIA,AUTO,BICYCLE,,21717,1,0,,
100271494,"Mon., Mar. 22,2010",19:20,DUBOCE,0,X,VALENCIA,AUTO,BICYCLE,,NS,1,0,YES,
100270719,"Mon., Mar. 22,2010",15:37,24TH,0,X,SHOTWELL,AUTO,BICYCLE,,21801A,1,0,,
100286283,"Fri., Mar. 26,2010",22:55,MARKET,0,X,STEUART,AUTO,BICYCLE,,22106,1,0,,
100287714,"Sat., Mar. 27,2010",12:53,MARKET,125,E,HERMANN,AUTO,BICYCLE,,NS,1,0,,
100288728,"Sat., Mar. 27,2010",18:47,KEARNY,2,E,EMBARCADERO,AUTO,BICYCLE,,22107,1,0,,
100298454,"Tue., Mar. 30,2010",18:45,5TH,4,N,PARNASSUS,AUTO,BICYCLE,,21802A,1,0,,
100301869,"Wed., Mar. 31,2010",18:05,FOLSOM,6,E,3RD,AUTO,BICYCLE,,OID,1,0,,
100304625,"Thu., Apr. 01,2010",15:52,16TH,0,X,CAPP,AUTO,BICYCLE,,22107,1,0,,
100309794,"Sat., Apr. 03,2010",08:15,PORTOLA,25,S,LAGUNA HONDA,AUTO,BICYCLE,,21658A,1,0,,
100316686,"Mon., Apr. 05,2010",17:05,16TH,0,X,BRYANT,AUTO,BICYCLE,,22106,1,0,,
100327536,"Thu., Apr. 08,2010",21:35,6TH,40,S,MARKET,AUTO,BICYCLE,,21804,1,0,,
100326776,"Thu., Apr. 08,2010",17:15,DUBOCE,0,X,VALENCIA,AUTO,BICYCLE,,22107,1,0,,
100325552,"Thu., Apr. 08,2010",11:18,EMBARCADERO,25,S,WASHINGTON,AUTO,BICYCLE,,21658A,1,0,,
100328380,"Fri., Apr. 09,2010",08:00,GLENVIEW,0,X,PORTOLA,AUTO,BICYCLE,,21804,1,0,,
100343366,"Tue., Apr. 13,2010",19:52,5TH,0,X,HARRISON,AUTO,BICYCLE,,21800A,1,0,,
100348918,"Thu., Apr. 15,2010",13:18,ELLIS,0,X,POLK,AUTO,BICYCLE,,22107,1,0,,
100349392,"Thu., Apr. 15,2010",15:45,9TH,0,X,MISSION,AUTO,BICYCLE,,21451A,1,0,,
100352862,"Fri., Apr. 16,2010",15:10,OCEAN,0,X,PINEHURST,AUTO,BICYCLE,,21801A,1,0,YES,
100359167,"Sun., Apr. 18,2010",10:33,21ST,40,E,SAN CARLOS,AUTO,BICYCLE,,21804A,0,0,,
100360768,"Mon., Apr. 19,2010",08:30,GEARY,0,X,POLK,AUTO,BICYCLE,,21801A,1,0,,
100364734,"Tue., Apr. 20,2010",10:46,MISSION,24,N,22ND,AUTO,BICYCLE,,22107,1,0,YES,
100390389,"Wed., Apr. 21,2010",18:56,17TH,0,X,CAPP,AUTO,BICYCLE,,UNK,1,0,,
100374587,"Fri., Apr. 23,2010",09:14,NORTH POINT,232,E,JONES,AUTO,BICYCLE,,21804,1,0,,
100379026,"Sat., Apr. 24,2010",14:07,SKYLINE,260,N,JOHN MUIR,AUTO,BICYCLE,,21800A,1,0,,
100384172,"Mon., Apr. 26,2010",08:30,CLAY,249,E,LAUREL,AUTO,BICYCLE,,22517,1,0,,
100386162,"Mon., Apr. 26,2010",18:05,MARKET,503,E,CHURCH,AUTO,BICYCLE,,21801A,1,0,,
100386009,"Mon., Apr. 26,2010",17:20,EMBARCADERO,130,N,HOWARD,AUTO,BICYCLE,,21658A,1,0,,
100401635,"Sat., May. 01,2010",11:46,JOHN F KENNEDY,83,E,ANGLERS LODGE,AUTO,BICYCLE,,22517,1,0,,
100409435,"Mon., May. 03,2010",16:32,FOLSOM,42,W,HALLAM,AUTO,BICYCLE,,22517,1,0,,
100421592,"Thu., May. 06,2010",23:48,BROADWAY,0,X,POLK,AUTO,BICYCLE,,22350,1,0,YES,
100423190,"Fri., May. 07,2010",11:54,18TH,0,X,LINDA,AUTO,BICYCLE,,21801A,1,0,,
100424057,"Fri., May. 07,2010",17:47,HAIGHT,213,E,MASONIC,AUTO,BICYCLE,,22517,1,0,,
100435242,"Tue., May. 11,2010",08:20,BEACH,0,X,MASON,AUTO,BICYCLE,,22100B,1,0,,
100440702,"Wed., May. 12,2010",14:57,MISSION,67,S,SANTA ROSA,AUTO,BICYCLE,,22517,1,0,,
100448411,"Fri., May. 14,2010",19:10,36TH,0,X,LINCOLN,AUTO,BICYCLE,,21453B,1,0,,
100449522,"Sat., May. 15,2010",01:11,ASHBURY,0,X,HAIGHT,AUTO,BICYCLE,,21801A,1,0,,
100452854,"Sun., May. 16,2010",07:24,STANYAN,51,W,FREDERICK,AUTO,BICYCLE,,21453B,1,0,,
100454521,"Sun., May. 16,2010",17:01,24TH,0,X,POTRERO,AUTO,BICYCLE,,21801A,0,0,,
100459612,"Tue., May. 18,2010",07:25,FILLMORE,0,X,POST,AUTO,BICYCLE,,UNK,1,0,,
100471359,"Fri., May. 21,2010",10:34,HYDE,9,N,GOLDEN GATE,AUTO,BICYCLE,,21658A,1,0,YES,
100478894,"Sun., May. 23,2010",16:01,3RD,0,X,OAKDALE,AUTO,BICYCLE,,21950A,1,0,,
100482516,"Mon., May. 24,2010",17:58,23RD,0,X,VALENCIA,AUTO,BICYCLE,,21801A,1,0,,
100481574,"Mon., May. 24,2010",13:58,VAN NESS,16,S,WILLOW,AUTO,BICYCLE,,21750,1,0,,
100493789,"Thu., May. 27,2010",22:23,17TH,105,E,MISSION,AUTO,BICYCLE,,21801A,1,0,YES,
100496385,"Fri., May. 28,2010",17:49,CABRILLO,92,W,7TH,AUTO,BICYCLE,,21658A,1,0,,
100498739,"Sat., May. 29,2010",14:52,14TH,53,E,VALENCIA,AUTO,BICYCLE,,21658A,1,0,,
100502744,"Sun., May. 30,2010",18:57,TURK,9,E,MASONIC,AUTO,BICYCLE,,21453A,1,0,,
100505130,"Mon., May. 31,2010",17:30,JOHN F KENNEDY,500,W,TRANSVERSE,AUTO,BICYCLE,,22107,1,0,,
100513790,"Thu., Jun. 03,2010",07:30,TOWNSEND,200,E,8TH,AUTO,BICYCLE,,22107,1,0,,
100518230,"Fri., Jun. 04,2010",14:39,MARKET,25,W,NEW MONTGOMERY,AUTO,BICYCLE,,OTD,1,0,,
100528370,"Mon., Jun. 07,2010",18:05,JUNIPERO SERRA,68,N,OCEAN,AUTO,BICYCLE,,22107,1,0,,
100530579,"Tue., Jun. 08,2010",12:15,GEARY,0,X,WEBSTER,AUTO,BICYCLE,,21800A,1,0,YES,
100530682,"Tue., Jun. 08,2010",12:30,MARKET,0,X,OCTAVIA,AUTO,BICYCLE,,21717,1,0,,
100531646,"Tue., Jun. 08,2010",18:16,16TH,125,W,FOLSOM,AUTO,BICYCLE,,22517,1,0,,
100532688,"Wed., Jun. 09,2010",02:04,HOWARD,0,X,SOUTH VAN NESS,AUTO,BICYCLE,,NS,1,0,YES,
100547916,"Sun., Jun. 13,2010",21:50,MISSION,0,X,CORTLAND,AUTO,BICYCLE,,21801A,1,0,,
100545841,"Sun., Jun. 13,2010",02:23,MARKET,0,X,OCTAVIA,AUTO,BICYCLE,,22101.0,1,0,,
100547574,"Sun., Jun. 13,2010",19:06,19TH,0,X,VALENCIA,AUTO,BICYCLE,,22107,1,0,,
100550339,"Mon., Jun. 14,2010",16:59,24TH,0,X,HARRISON,AUTO,BICYCLE,,21801A,1,0,,
100549859,"Mon., Jun. 14,2010",14:55,MARKET,200,E,6TH,AUTO,BICYCLE,,21658A,1,0,YES,
100555414,"Wed., Jun. 16,2010",08:47,24TH,133,E,NOE,AUTO,BICYCLE,,22517,1,0,,
100555426,"Wed., Jun. 16,2010",09:22,EMBARCADERO,94,S,WASHINGTON,AUTO,BICYCLE,,22107,1,0,,
100567378,"Sat., Jun. 19,2010",18:15,BROADWAY,0,X,EMBARCADERO,AUTO,BICYCLE,,22107,1,0,,
100572888,"Mon., Jun. 21,2010",18:03,CHESTNUT,0,X,DIVISADERO,AUTO,BICYCLE,,21802A,1,0,,
100575763,"Tue., Jun. 22,2010",17:05,MISSION,0,X,JESSIE,AUTO,BICYCLE,,21803A,1,0,,
100584899,"Fri., Jun. 25,2010",14:00,POLK,17,N,GEARY,AUTO,BICYCLE,,22100A,1,0,,
100587075,"Sat., Jun. 26,2010",01:51,MARKET,0,X,CHURCH,AUTO,BICYCLE,,21801A,1,0,,
100590915,"Sun., Jun. 27,2010",10:00,SANSOME,16,N,PINE,AUTO,BICYCLE,,22350,1,0,,
100592121,"Sun., Jun. 27,2010",17:20,MISSION,0,X,EMBARCADERO,AUTO,BICYCLE,,21803B,1,0,,
100594622,"Mon., Jun. 28,2010",13:43,MARKET,120,W,CHURCH,AUTO,BICYCLE,,21801A,1,0,,
100596446,"Mon., Jun. 28,2010",23:55,DUBOCE,0,X,VALENCIA,AUTO,BICYCLE,,22107,1,0,,
100599246,"Tue., Jun. 29,2010",19:56,LAKE MERCED,231,W,CLEARFIELD,AUTO,BICYCLE,,21751,1,0,,
100597024,"Tue., Jun. 29,2010",08:55,14TH,54,W,LANDERS,AUTO,BICYCLE,,22517,1,0,,
100597030,"Tue., Jun. 29,2010",08:30,19TH,123,N,WAWONA,AUTO,BICYCLE,,21750,1,0,,
100603217,"Wed., Jun. 30,2010",23:07,SUTTER,55,E,WEBSTER,AUTO,BICYCLE,,21703,1,0,YES,
100604704,"Thu., Jul. 01,2010",12:35,OFARRELL,110,E,LEAVENWORTH,AUTO,BICYCLE,,21750,1,0,,
100605677,"Thu., Jul. 01,2010",18:08,FULTON,10,E,10TH,AUTO,BICYCLE,,21453A,1,0,,
100608433,"Fri., Jul. 02,2010",16:20,CAPP,64,N,21ST,AUTO,BICYCLE,,22517,1,0,,
100608308,"Fri., Jul. 02,2010",15:16,4TH,70,N,HELEN MACINTOSH,AUTO,BICYCLE,,22106,1,0,,
100614446,"Sun., Jul. 04,2010",16:40,41ST,0,X,NORIEGA,AUTO,BICYCLE,,21802B,1,0,YES,
100614640,"Sun., Jul. 04,2010",18:18,20TH,0,X,SAN CARLOS,AUTO,BICYCLE,,21802A,1,0,,
100630094,"Fri., Jul. 09,2010",18:01,CORTLAND,61,E,ELLSWORTH,AUTO,BICYCLE,,22517,1,0,,
100631939,"Sat., Jul. 10,2010",10:13,BEACH,0,X,TAYLOR,AUTO,BICYCLE,,21801A,1,0,,
100634438,"Sun., Jul. 11,2010",02:25,10TH,0,X,FULTON,AUTO,BICYCLE,,21801A,1,0,YES,
100646085,"Wed., Jul. 14,2010",18:19,BROSNAN,0,X,VALENCIA,AUTO,BICYCLE,,21801A,1,0,,
100646546,"Wed., Jul. 14,2010",21:10,18TH,0,X,GUERRERO,AUTO,BICYCLE,,21801A,1,0,,
100660392,"Mon., Jul. 19,2010",08:52,MARKET,113,W,SPEAR,AUTO,BICYCLE,,22517,1,0,,
100672654,"Thu., Jul. 22,2010",23:34,17TH,0,X,MISSION,AUTO,BICYCLE,,22107,0,0,YES,
100674581,"Fri., Jul. 23,2010",15:30,MARKET,256,E,2ND,AUTO,BICYCLE,,21658A,1,0,,
100673367,"Fri., Jul. 23,2010",09:18,MARKET,19,W,GUERRERO,AUTO,BICYCLE,,22350,1,0,YES,
100678561,"Sat., Jul. 24,2010",21:58,11TH,0,X,CLEMENT,AUTO,BICYCLE,,22102,1,0,YES,
100680403,"Sun., Jul. 25,2010",13:53,MARKET,99,W,5TH,AUTO,BICYCLE,,22517,1,0,,
100685118,"Tue., Jul. 27,2010",09:00,TOWNSEND,188,E,6TH,AUTO,BICYCLE,,22107,1,0,,
100687330,"Tue., Jul. 27,2010",19:42,CHURCH,66,S,25TH,AUTO,BICYCLE,,22517,1,0,,
100688883,"Wed., Jul. 28,2010",10:36,HYDE,5,N,EDDY,AUTO,BICYCLE,,21750,1,0,YES,
100688560,"Wed., Jul. 28,2010",08:25,MC ALLISTER,186,W,FRANKLIN,AUTO,BICYCLE,,21801A,1,0,,
100689217,"Wed., Jul. 28,2010",11:15,HAIGHT,39,W,CENTRAL,AUTO,BICYCLE,,22517,1,0,,
100696789,"Fri., Jul. 30,2010",16:54,POST,75,E,BAKER,AUTO,BICYCLE,,22107,1,0,,
100702110,"Sun., Aug. 01,2010",15:27,24TH,20,W,VALENCIA,AUTO,BICYCLE,,22517,1,0,,
100701413,"Sun., Aug. 01,2010",08:59,GEARY,126,E,19TH,AUTO,BICYCLE,,22107,1,0,,
100705205,"Mon., Aug. 02,2010",15:19,VALENCIA,24,N,22ND,AUTO,BICYCLE,,22517,1,0,,
100709746,"Tue., Aug. 03,2010",20:40,15TH,24,W,NATOMA,AUTO,BICYCLE,,22350,1,0,YES,
100715812,"Thu., Aug. 05,2010",16:11,JONES,0,X,OFARRELL,AUTO,BICYCLE,,22100A,1,0,,
100717896,"Fri., Aug. 06,2010",09:17,MARKET,0,X,SUTTER,AUTO,BICYCLE,,22517,1,0,,
100724700,"Sun., Aug. 08,2010",12:11,FELL,0,X,SHRADER,AUTO,BICYCLE,,21453B,1,0,,
100725316,"Sun., Aug. 08,2010",16:04,34TH,0,X,LINCOLN,AUTO,BICYCLE,,21800A,1,0,,
100729976,"Mon., Aug. 09,2010",23:23,MARKET,0,X,GOUGH,AUTO,BICYCLE,,21802A,1,0,YES,
100731523,"Tue., Aug. 10,2010",13:15,MISSION,13,E,GRACE,AUTO,BICYCLE,,22517,1,0,,
100737311,"Thu., Aug. 12,2010",05:50,FILLMORE,51,S,PAGE,AUTO,BICYCLE,,21801A,1,0,,
100743142,"Fri., Aug. 13,2010",22:39,MASONIC,0,X,TURK,AUTO,BICYCLE,,23153A,0,1,,
100748562,"Sun., Aug. 15,2010",16:49,HAIGHT,120,W,LAGUNA,AUTO,BICYCLE,,21751,1,0,,
100752983,"Tue., Aug. 17,2010",00:23,25TH,0,X,SOUTH VAN NESS,AUTO,BICYCLE,,NS,1,0,YES,
100751694,"Tue., Aug. 17,2010",14:40,EMBARCADERO,421,S,BATTERY,AUTO,BICYCLE,,22517,1,0,,
100793448,"Thu., Aug. 19,2010",08:45,FILLMORE,0,X,OAK,AUTO,BICYCLE,,UNK,1,0,,
100767299,"Sat., Aug. 21,2010",01:30,HOWARD,301,E,12TH,AUTO,BICYCLE,,23152,1,0,YES,
100775894,"Mon., Aug. 23,2010",18:48,22ND,0,X,GEARY,AUTO,BICYCLE,,NS,0,0,,
100778848,"Tue., Aug. 24,2010",16:45,LAKE,6,E,9TH,AUTO,BICYCLE,,22517,1,0,,
100784732,"Thu., Aug. 26,2010",10:50,FRANKLIN,90,S,MC ALLISTER,AUTO,BICYCLE,,22517,1,0,,
100797898,"Mon., Aug. 30,2010",08:20,MONTEREY,0,X,SAN ALESO,AUTO,BICYCLE,,21802A,1,0,,
100799838,"Mon., Aug. 30,2010",18:24,24TH,50,W,FLORIDA,AUTO,BICYCLE,,22517,1,0,,
100802390,"Tue., Aug. 31,2010",09:45,DELTA,0,X,HAMILTON,AUTO,BICYCLE,,22350,1,0,YES,
100805805,"Wed., Sep. 01,2010",13:08,OFARRELL,3,W,POWELL,AUTO,BICYCLE,,22517,1,0,,
100810763,"Thu., Sep. 02,2010",18:05,DIVISION,100,S,9TH,AUTO,BICYCLE,,22107,1,0,,
100813723,"Fri., Sep. 03,2010",15:15,25TH,68,S,IRVING,AUTO,BICYCLE,,22517,1,0,,
100827291,"Tue., Sep. 07,2010",16:05,NORIEGA,79,E,39TH,AUTO,BICYCLE,,22107,1,0,,
100838812,"Fri., Sep. 10,2010",18:34,SAN BRUNO,0,X,WOOLSEY,AUTO,BICYCLE,,21801A,1,0,YES,
100839707,"Fri., Sep. 10,2010",23:12,BELCHER,0,X,DUBOCE,AUTO,BICYCLE,,21801A,1,0,,
100846326,"Sun., Sep. 12,2010",23:47,CAYUGA,0,X,GENEVA,AUTO,BICYCLE,,22450,1,0,,
100844831,"Sun., Sep. 12,2010",15:00,CHAIN OF LAKES,360,N,MARTIN LUTHER KING,AUTO,BICYCLE,,22450,1,0,,
100846768,"Mon., Sep. 13,2010",08:45,ARMY,0,X,HARRISON,AUTO,BICYCLE,,21801A,1,0,,
100859517,"Thu., Sep. 16,2010",16:34,MARKET,0,X,OCTAVIA,AUTO,BICYCLE,,22101.0,1,0,YES,
100861794,"Fri., Sep. 17,2010",08:20,14TH,204,E,GUERRERO,AUTO,BICYCLE,,22517,1,0,,
100874054,"Mon., Sep. 20,2010",20:38,18TH,0,X,MISSION,AUTO,BICYCLE,,21801A,1,0,YES,
100873244,"Mon., Sep. 20,2010",16:57,MARKET,0,X,OCTAVIA,AUTO,BICYCLE,,22101.0,1,0,YES,
100871254,"Mon., Sep. 20,2010",08:01,HARRISON,129,N,22ND,AUTO,BICYCLE,,22517,1,0,,
100880437,"Wed., Sep. 22,2010",15:45,GOLDEN GATE,0,X,JONES,AUTO,BICYCLE,,22517,1,0,,
100879979,"Wed., Sep. 22,2010",12:55,LAWRENCE,29,E,ALEMANY,AUTO,BICYCLE,,21650,1,0,,
100883271,"Thu., Sep. 23,2010",09:34,HARRISON,16,S,MARIPOSA,AUTO,BICYCLE,,22107,1,0,,
100885829,"Thu., Sep. 23,2010",22:00,MISSION,0,X,VAN NESS,AUTO,BICYCLE,,22350,0,0,YES,
100889956,"Fri., Sep. 24,2010",23:59,DUBOCE,0,X,VALENCIA,AUTO,BICYCLE,,21801A,1,0,,
100890254,"Sat., Sep. 25,2010",01:56,3RD,0,X,BRANNAN,AUTO,BICYCLE,,21801A,2,0,,
100892153,"Sat., Sep. 25,2010",16:25,6TH,4,S,LAKE,AUTO,BICYCLE,,21802B,1,0,,
100891569,"Sat., Sep. 25,2010",14:03,MARKET,0,X,OCTAVIA,AUTO,BICYCLE,,22107,1,0,YES,
100890618,"Sat., Sep. 25,2010",07:48,EMBARCADERO,300,S,BATTERY,AUTO,BICYCLE,,UNK,1,0,,
100891456,"Sat., Sep. 25,2010",13:02,VALENCIA,76,N,20TH,AUTO,BICYCLE,,21658A,1,0,,
100897307,"Mon., Sep. 27,2010",10:00,22ND,0,X,FULTON,AUTO,BICYCLE,,21801A,1,0,,
100901453,"Tue., Sep. 28,2010",13:03,STOCKTON,45,S,SACRAMENTO,AUTO,BICYCLE,,22102,1,0,,
100901209,"Tue., Sep. 28,2010",11:53,COLUMBUS,217,N,FILBERT,AUTO,BICYCLE,,22517,1,0,,
100902796,"Tue., Sep. 28,2010",19:20,ASHTON,0,X,OCEAN,AUTO,BICYCLE,,22450,1,0,,
100903556,"Wed., Sep. 29,2010",01:09,KEITH,0,X,PALOU,AUTO,BICYCLE,,UNK,1,0,YES,
100904338,"Wed., Sep. 29,2010",09:04,ALEMANY,108,N,SANTA ROSA,AUTO,BICYCLE,,UNK,1,0,,
100910216,"Thu., Sep. 30,2010",18:10,EMBARCADERO,194,N,HARRISON,AUTO,BICYCLE,,22107,1,0,,
100909883,"Thu., Sep. 30,2010",16:00,FILLMORE,40,S,CALIFORNIA,AUTO,BICYCLE,,22517,1,0,,
100911004,"Thu., Sep. 30,2010",21:41,PAGE,183,W,SCOTT,AUTO,BICYCLE,,22106,1,0,,
100913709,"Fri., Oct. 01,2010",17:03,FULTON,0,X,WEBSTER,AUTO,BICYCLE,,21801A,1,0,,
100914224,"Fri., Oct. 01,2010",20:18,NORTH POINT,54,W,POWELL,AUTO,BICYCLE,,22107,1,0,,
100916355,"Sat., Oct. 02,2010",13:58,19TH,21,N,GEARY,AUTO,BICYCLE,,22517,1,0,,
100919484,"Sun., Oct. 03,2010",17:02,FILLMORE,98,S,GREENWICH,AUTO,BICYCLE,,22517,1,0,,
100919848,"Sun., Oct. 03,2010",18:48,DIVISADERO,0,X,FULTON,AUTO,BICYCLE,,21801A,1,0,,
100921122,"Mon., Oct. 04,2010",09:30,JUNIPERO SERRA,0,X,HOLLOWAY,AUTO,BICYCLE,,UNK,1,0,,
100927982,"Wed., Oct. 06,2010",05:45,OAK,0,X,OCTAVIA,AUTO,BICYCLE,,22107,1,0,YES,
100928128,"Wed., Oct. 06,2010",08:58,18TH,8,W,FOLSOM,AUTO,BICYCLE,,22350,1,0,YES,
100931723,"Thu., Oct. 07,2010",06:50,47TH,0,X,JOHN F KENNEDY,AUTO,BICYCLE,,21802A,1,0,,
100934664,"Thu., Oct. 07,2010",22:30,FELL,0,X,STANYAN,AUTO,BICYCLE,,UNK,1,0,YES,
100936751,"Fri., Oct. 08,2010",15:54,OAKDALE,0,X,QUINT,AUTO,BICYCLE,,21802A,1,0,,
100936789,"Fri., Oct. 08,2010",16:15,6TH,0,X,HARRISON,AUTO,BICYCLE,,22350,1,0,,
100938854,"Sat., Oct. 09,2010",08:20,18TH,0,X,SHOTWELL,AUTO,BICYCLE,,22450,1,0,,
100946283,"Mon., Oct. 11,2010",15:40,BROADMOOR,0,X,WINSTON,AUTO,BICYCLE,,21801A,1,0,,
100951050,"Tue., Oct. 12,2010",21:50,16TH,0,X,FOLSOM,AUTO,BICYCLE,,22107,1,0,,
100951903,"Mon., Oct. 18,2010",06:42,MONTEREY,204,E,FOERSTER,AUTO,BICYCLE,,22106,1,0,,
100969376,"Mon., Oct. 18,2010",17:22,UNION,250,W,LAGUNA,AUTO,BICYCLE,,22400A,1,0,,
100976741,"Wed., Oct. 20,2010",18:36,POLK,63,N,EDDY,AUTO,BICYCLE,,22517,1,0,,
100978004,"Thu., Oct. 21,2010",07:44,MARKET,0,X,VALENCIA,AUTO,BICYCLE,,22100A,1,0,,
100992468,"Mon., Oct. 25,2010",16:16,6TH,0,X,HOWARD,AUTO,BICYCLE,,21801A,1,0,,
100993121,"Mon., Oct. 25,2010",20:15,BROADWAY,0,X,POLK,AUTO,BICYCLE,,21801A,1,0,YES,
100997424,"Wed., Oct. 27,2010",06:40,FILLMORE,0,X,FULTON,AUTO,BICYCLE,,22107,1,0,YES,
101006806,"Fri., Oct. 29,2010",19:45,23RD,0,X,MISSION,AUTO,BICYCLE,,23152A,0,0,YES,
101006787,"Fri., Oct. 29,2010",19:50,FULTON,0,X,MASONIC,AUTO,BICYCLE,,21451A,1,0,,
101014053,"Mon., Nov. 01,2010",06:35,25TH,0,X,LAKE,AUTO,BICYCLE,,21801A,1,0,,
101015136,"Mon., Nov. 01,2010",13:13,POST,0,X,SCOTT,AUTO,BICYCLE,,21801A,1,0,,
101022777,"Wed., Nov. 03,2010",19:28,7TH,170,S,MISSION,AUTO,BICYCLE,,21750,2,0,,
101025721,"Thu., Nov. 04,2010",14:38,MARKET,0,X,OCTAVIA,AUTO,BICYCLE,,22101.0,1,0,YES,
101029591,"Fri., Nov. 05,2010",17:26,ARGUELLO,60,N,CALIFORNIA,AUTO,BICYCLE,,22107,1,0,,
101033398,"Sat., Nov. 06,2010",20:35,3RD,34,S,FOLSOM,AUTO,BICYCLE,,22517,1,0,,
101031063,"Sat., Nov. 06,2010",01:20,DIVISADERO,0,X,JACKSON,AUTO,BICYCLE,,22450,1,0,YES,
101039841,"Mon., Nov. 08,2010",19:10,IRVING,75,E,22ND,AUTO,BICYCLE,,22107,1,0,,
101043159,"Tue., Nov. 09,2010",18:27,15TH,0,X,SOUTH VAN NESS,AUTO,BICYCLE,,21703,1,0,,
101042270,"Tue., Nov. 09,2010",14:40,MISSION,123,S,FAIR,AUTO,BICYCLE,,22517,1,0,,
101044389,"Wed., Nov. 10,2010",08:50,FULTON,0,X,WEBSTER,AUTO,BICYCLE,,21453A,1,0,,
101046363,"Wed., Nov. 10,2010",17:12,BRODERICK,2,S,FELL,AUTO,BICYCLE,,21650,1,0,,
101047941,"Thu., Nov. 11,2010",07:29,14TH,0,X,MINNA,AUTO,BICYCLE,,22107,1,0,,
101061844,"Mon., Nov. 15,2010",18:08,20TH,68,E,MISSION ROCK,AUTO,BICYCLE,,OTD,1,0,,
101059902,"Mon., Nov. 15,2010",08:01,MARKET,0,X,OCTAVIA,AUTO,BICYCLE,,21461.5,1,0,,
101073708,"Fri., Nov. 19,2010",07:31,MARKET,314,E,SANCHEZ,AUTO,BICYCLE,,21804,1,0,,
101078093,"Sat., Nov. 20,2010",15:00,18TH,20,W,SAN CARLOS,AUTO,BICYCLE,,22106,1,0,YES,
101083547,"Mon., Nov. 22,2010",13:40,12TH,0,X,HARRISON,AUTO,BICYCLE,,21801A,1,0,,
101090893,"Wed., Nov. 24,2010",17:30,CAPP,96,N,21ST,AUTO,BICYCLE,,22107,1,0,,
101099005,"Sat., Nov. 27,2010",22:35,DUBOCE,0,X,NOE,AUTO,BICYCLE,,22450,1,0,,
101099635,"Sun., Nov. 28,2010",02:40,16TH,0,X,MISSION,AUTO,BICYCLE,,21453A,1,0,YES,
101107705,"Tue., Nov. 30,2010",18:27,24TH,86,E,CASTRO,AUTO,BICYCLE,,UNK,0,0,,
100086607,"Tue., Jan. 26,2010",22:30,7TH,265,N,CABRILLO,BICYCLE,BICYCLE,,22107,1,0,,
100275957,"Wed., Mar. 24,2010",01:21,16TH,71,W,DOLORES,BICYCLE,BICYCLE,,21701,1,0,,
100358882,"Sun., Apr. 18,2010",13:37,SKYLINE,0,,BICYCLE PATH,BICYCLE,BICYCLE,,UNK,2,0,,
100745637,"Sat., Aug. 14,2010",18:13,8TH,0,X,CABRILLO,BICYCLE,BICYCLE,,21453A,2,0,,
100877967,"Tue., Sep. 21,2010",22:39,HAIGHT,0,X,PIERCE,BICYCLE,BICYCLE,,22450,2,0,,
100889053,"Fri., Sep. 24,2010",19:14,LAGUNA,97,S,NORTH POINT,BICYCLE,BICYCLE,,21658A,1,0,YES,
100020887,"Thu., Jan. 07,2010",10:40,MARKET,0,X,FREMONT,BUS (OTHER),BICYCLE,,22350,1,0,,
100302061,"Wed., Mar. 31,2010",18:51,HYDE,3,N,FULTON,BUS (OTHER),BICYCLE,,21453A,1,0,,
100543425,"Sat., Jun. 12,2010",09:50,CARL,0,X,CLAYTON,MOTORCYCLE,BICYCLE,,21752.0,1,0,,
100230791,"Wed., Mar. 10,2010",18:20,MARKET,24,E,5TH,PEDESTRIAN,BICYCLE,,21456B,2,0,,
100280514,"Thu., Mar. 25,2010",11:51,MARKET,35,W,6TH,PEDESTRIAN,BICYCLE,,21453.0,2,0,,
100385813,"Mon., Apr. 26,2010",16:46,MC ALLISTER,0,X,POLK,PEDESTRIAN,BICYCLE,,21954A,2,0,,
100446318,"Fri., May. 14,2010",08:28,FULTON,164,W,WEBSTER,PEDESTRIAN,BICYCLE,,21954A,2,0,,
100591399,"Sun., Jun. 27,2010",13:15,JOHN F KENNEDY,798,W,TRANSVERSE,PEDESTRIAN,BICYCLE,,21954A,2,0,,
100635420,"Sun., Jul. 11,2010",14:05,FULTON,0,X,LARKIN,PEDESTRIAN,BICYCLE,,21453.0,1,0,,
100908352,"Thu., Sep. 30,2010",08:45,4TH,0,X,TOWNSEND,PEDESTRIAN,BICYCLE,,21956,1,0,,
100032343,"Sun., Jan. 10,2010",21:44,24TH,0,X,CASTRO,TAXI,BICYCLE,,21801A,1,0,,
100148285,"Sat., Feb. 13,2010",23:26,FELL,0,X,MASONIC,TAXI,BICYCLE,,21453C,1,0,,
100148871,"Sun., Feb. 14,2010",04:30,BROADWAY,0,X,POLK,TAXI,BICYCLE,,22107,1,0,,
100338812,"Mon., Apr. 12,2010",14:40,KEARNY,71,S,WASHINGTON,TAXI,BICYCLE,,22517,1,0,,
100439090,"Wed., May. 12,2010",07:50,ARMY,0,X,EVANS,TAXI,BICYCLE,,21200A,1,0,,
100583465,"Fri., Jun. 25,2010",00:20,SCOTT,21,S,FELL,TAXI,BICYCLE,,21651,1,0,,
100634018,"Sat., Jul. 10,2010",23:20,STOCKTON,52,N,SUTTER,TAXI,BICYCLE,,21801A,1,0,,
100632169,"Sat., Jul. 10,2010",12:15,FILLMORE,36,S,PINE,TAXI,BICYCLE,,22107,1,0,,
100655149,"Sat., Jul. 17,2010",11:40,EMBARCADERO,229,S,BAY,TAXI,BICYCLE,,22517,1,0,,
100676690,"Sat., Jul. 24,2010",08:35,POLK,17,N,CALIFORNIA,TAXI,BICYCLE,,22107,1,0,,
100703516,"Mon., Aug. 02,2010",01:27,MARKET,0,X,OCTAVIA,TAXI,BICYCLE,,22352,1,0,,
100727334,"Mon., Aug. 09,2010",10:00,TOWNSEND,58,W,4TH,TAXI,BICYCLE,,22107,1,0,,
100788077,"Fri., Aug. 27,2010",09:09,MARKET,184,W,1ST,TAXI,BICYCLE,,22517,1,0,,
100937323,"Fri., Oct. 08,2010",19:01,16TH,180,W,GUERRERO,TAXI,BICYCLE,,22517,1,0,,
101014257,"Mon., Nov. 01,2010",08:47,NORTHPOINT,99,E,COLUMBUS,TAXI,BICYCLE,,22102,1,0,,
101022664,"Wed., Nov. 03,2010",19:18,16TH,0,X,VALENCIA,TAXI,BICYCLE,,22517,1,0,,
100011795,"Mon., Jan. 04,2010",18:00,SCOTT,4,N,MARINA,TRK/TRK TRAC,BICYCLE,,22107,1,0,,
100069249,"Thu., Jan. 21,2010",19:35,MARKET,198,W,SANCHEZ,TRK/TRK TRAC,BICYCLE,,22517,1,0,,
100126930,"Sun., Feb. 07,2010",02:00,17TH,207,W,CHURCH,TRK/TRK TRAC,BICYCLE,,UNK,0,0,YES,
100180005,"Tue., Feb. 23,2010",13:18,11TH,13,N,FULTON,TRK/TRK TRAC,BICYCLE,,22107,1,0,,
100180613,"Tue., Feb. 23,2010",16:51,10TH,0,X,MINNA,TRK/TRK TRAC,BICYCLE,,21658A,1,0,,
100249388,"Tue., Mar. 16,2010",10:05,MARKET,6,E,SUTTER,TRK/TRK TRAC,BICYCLE,,21750,1,0,,
100259230,"Thu., Mar. 18,2010",22:07,MISSION,0,X,FAIR,TRK/TRK TRAC,BICYCLE,,22350,1,0,,
100322649,"Wed., Apr. 07,2010",13:20,BAY,142,E,HYDE,TRK/TRK TRAC,BICYCLE,,22350,1,0,YES,
100439357,"Wed., May. 12,2010",09:25,15TH,0,X,HARRISON,TRK/TRK TRAC,BICYCLE,,21801A,1,0,,
100443461,"Thu., May. 13,2010",13:25,ELLIS,0,X,POLK,TRK/TRK TRAC,BICYCLE,,21801A,1,0,,
100507813,"Tue., Jun. 01,2010",14:50,MARKET,0,X,VALENCIA,TRK/TRK TRAC,BICYCLE,,22107,1,0,,
100725786,"Sun., Aug. 08,2010",18:26,APOLLO,0,X,WILLIAMS,TRK/TRK TRAC,BICYCLE,,NS,1,0,,
100784710,"Thu., Aug. 26,2010",11:36,ARMY,8,W,SHOTWELL,TRK/TRK TRAC,BICYCLE,,UNK,1,0,,
100829322,"Wed., Sep. 08,2010",09:01,EMBARCADERO,236,N,MISSION,TRK/TRK TRAC,BICYCLE,,22107,1,0,,
100852442,"Tue., Sep. 14,2010",16:47,5TH,0,X,FOLSOM,TRK/TRK TRAC,BICYCLE,,22107,1,0,YES,
100857997,"Thu., Sep. 16,2010",08:58,GUERRERO,57,N,20TH,TRK/TRK TRAC,BICYCLE,,22107,1,0,,
100890674,"Sat., Sep. 25,2010",07:50,JOHN MUIR,1486,E,SKYLINE,TRK/TRK TRAC,BICYCLE,,22107,1,0,,
100939755,"Sat., Oct. 09,2010",14:08,7TH,0,X,HARRISON,TRK/TRK TRAC,BICYCLE,,22107,1,0,,
100955820,"Thu., Oct. 14,2010",09:18,GRANT,37,N,OFARRELL,TRK/TRK TRAC,BICYCLE,,23114,1,0,,
100972476,"Tue., Oct. 19,2010",15:10,COLUMBIA SQUARE,0,X,FOLSOM,TRK/TRK TRAC,BICYCLE,,22107,1,0,0,
100991357,"Mon., Oct. 25,2010",10:21,JACKSON,49,E,LAGUNA,TRK/TRK TRAC,BICYCLE,,22517,1,0,,
101071809,"Thu., Nov. 18,2010",15:24,JOHN F KENNEDY,8,W,MIDDLE EAST,TRK/TRK TRAC,BICYCLE,,22517,1,0,,
101096205,"Fri., Nov. 26,2010",19:30,MARKET,0,X,LAGUNA,TRK/TRK TRAC,BICYCLE,,21801A,1,0,,
100028063,"Sat., Jan. 09,2010",11:00,WEST PORTAL,15,S,14TH,AUTO,BICYCLE,AUTO,22517,1,0,,
100363132,"Mon., Apr. 19,2010",18:39,MARKET,228,W,NOE,AUTO,BICYCLE,AUTO,22517,1,0,,
100492349,"Thu., May. 27,2010",15:05,MISSION,5,W,GRACE,AUTO,BICYCLE,AUTO,22105,1,0,,
100535808,"Wed., Jun. 09,2010",22:36,MARKET,0,X,HYDE,AUTO,BICYCLE,AUTO,22450,3,0,YES,
101087624,"Tue., Nov. 23,2010",18:10,SAN JOSE,207,N,30TH,AUTO,BICYCLE,AUTO,22107,1,0,,
100671838,"Thu., Jul. 22,2010",18:41,17TH,101,E,MISSION,TRK/TRK TRAC,BICYCLE,AUTO,22517,1,0,,
100080308,"Mon., Jan. 25,2010",10:32,25TH,0,X,HARRISON,AUTO,BICYCLE,AUTO (PKD),22450,0,0,,
100509900,"Wed., Jun. 02,2010",08:50,FILLMORE,0,X,FULTON,AUTO,BICYCLE,AUTO (PKD),21801A,1,0,,
100759036,"Wed., Aug. 18,2010",20:23,24TH,198,W,CASTRO,TAXI,BICYCLE,AUTO (PKD),21801A,1,0,,
100834484,"Thu., Sep. 09,2010",16:29,FILLMORE,130,N,EDDY,TRK/TRK TRAC,BICYCLE,AUTO (PKD),21658A,1,0,,
100409601,"Mon., May. 03,2010",17:28,ARGUELLO,39,N,GOLDEN GATE,AUTO,BICYCLE,BICYCLE,22517,2,0,,
100413323,"Tue., May. 04,2010",17:56,21ST,0,X,POTRERO,AUTO,BICYCLE,BICYCLE,21801A,1,0,,
100287736,"Sat., Mar. 27,2010",12:35,MARKET,63,E,FRANKLIN,AUTO,BICYCLE,LIMOUSINE,22517,1,0,,
100622709,"Wed., Jul. 07,2010",08:58,EMBARCADERO,10,W,MARKET,BICYCLE,BICYCLE,PEDESTRIAN,22350,2,0,YES,
100921097,"Mon., Oct. 04,2010",09:04,PAGE,133,W,LAGUNA,AUTO,BICYCLE,TRK/TRK TRAC,22517,1,0,,
100269267,"Mon., Mar. 22,2010",09:29,VALENCIA,7,S,DUNCAN,AUTO,AUTO,BICYCLE,22350,1,0,,
100950143,"Tue., Oct. 12,2010",17:36,13TH,0,X,HARRISON,AUTO,AUTO,BICYCLE,21453A,3,0,,
101256453,"Sat., Nov. 13,2010",22:53,21ST,0,X,BRYANT,AUTO,AUTO,BICYCLE,22450A,0,0,YES,
100897614,"Mon., Sep. 27,2010",11:00,MC ALLISTER,194,E,WEBSTER,AUTO,AUTO (PKD),BICYCLE,22350,2,0,,
100409601,"Mon., May. 03,2010",17:28,ARGUELLO,39,N,GOLDEN GATE,AUTO,BICYCLE,BICYCLE,22517,2,0,,
100413323,"Tue., May. 04,2010",17:56,21ST,0,X,POTRERO,AUTO,BICYCLE,BICYCLE,21801A,1,0,,
